No.,Name,HP,Atk,Def,SpA,SpD,Spe,Type 1,Type 2,Ability,Male%,Female%,Height (m),Weight (kg),mega_evolution
1,Bulbasaur,45,49,49,65,65,45,grass,poison,Overgrow | Chlorophyll,88.0,12.0,0.7,6.9,0
2,Ivysaur,60,62,63,80,80,60,grass,poison,Overgrow | Chlorophyll,88.0,12.0,1.0,13.0,0
3,Venusaur,80,82,83,100,100,80,grass,poison,Overgrow | Chlorophyll,88.0,12.0,2.0,100.0,1
4,Charmander,39,52,43,60,50,65,fire, ,Blaze | Solar Power,88.0,12.0,0.6,8.5,0
5,Charmeleon,58,64,58,80,65,80,fire, ,Blaze | Solar Power,88.0,12.0,1.1,19.0,0
6,Charizard,78,84,78,109,85,100,fire,flying,Blaze | Solar Power,88.0,12.0,1.7,90.5,1
7,Squirtle,44,48,65,50,64,43,water, ,Torrent | Rain Dish,88.0,12.0,0.5,9.0,0
8,Wartortle,59,63,80,65,80,58,water, ,Torrent | Rain Dish,88.0,12.0,1.0,22.5,0
9,Blastoise,79,83,100,85,105,78,water, ,Torrent | Rain Dish,88.0,12.0,1.6,85.5,1
10,Caterpie,45,30,35,20,20,45,bug, ,Shield Dust | Run Away,50.2,49.8,0.3,2.9,0
11,Metapod,50,20,55,25,25,30,bug, ,Shed Skin,50.2,49.8,0.7,9.9,0
12,Butterfree,60,45,50,90,80,70,bug,flying,Compound Eyes | Tinted Lens,50.2,49.8,1.1,32.0,0
13,Weedle,40,35,30,20,20,50,bug,poison,Shield Dust | Run Away,50.2,49.8,0.3,3.2,0
14,Kakuna,45,25,50,25,25,35,bug,poison,Shed Skin,50.2,49.8,0.6,10.0,0
15,Beedrill,65,90,40,45,80,75,bug,poison,Swarm | Sniper,50.2,49.8,1.0,29.5,1
16,Pidgey,40,45,40,35,35,56,normal,flying,Keen Eye | Tangled Feet | Big Pecks,50.2,49.8,0.3,1.8,0
17,Pidgeotto,63,60,55,50,50,71,normal,flying,Keen Eye | Tangled Feet | Big Pecks,50.2,49.8,1.1,30.0,0
18,Pidgeot,83,80,75,70,70,101,normal,flying,Keen Eye | Tangled Feet | Big Pecks,50.2,49.8,1.5,39.5,1
19,Rattata,30,56,35,25,35,72,normal,normal,Run Away | Guts | Hustle | Gluttony | Thick Fat,50.2,49.8,0.3,3.5,0
20,Raticate,55,81,60,50,70,97,normal,normal,Run Away | Guts | Hustle | Gluttony | Thick Fat,50.2,49.8,0.7,18.5,0
21,Spearow,40,60,30,31,31,70,normal,flying,Keen Eye | Sniper,50.2,49.8,0.3,2.0,0
22,Fearow,65,90,65,61,61,100,normal,flying,Keen Eye | Sniper,50.2,49.8,1.2,38.0,0
23,Ekans,35,60,44,40,54,55,poison, ,Intimidate | Shed Skin | Unnerve,50.0,50.0,2.0,6.9,0
24,Arbok,60,95,69,65,79,80,poison, ,Intimidate | Shed Skin | Unnerve,50.0,50.0,3.5,65.0,0
25,Pikachu,35,55,40,50,50,90,electric, ,Static | Lightning Rod,50.0,50.0,0.4,6.0,0
26,Raichu,60,90,55,90,80,110,electric,psychic,Static | Lightning Rod | Surge Surfer,50.0,50.0,0.7,21.0,0
27,Sandshrew,50,75,85,20,30,40,ground,steel,Sand Veil | Sand Rush | Snow Cloak | Slush Rush,50.0,50.0,0.7,40.0,0
28,Sandslash,75,100,110,45,55,65,ground,steel,Sand Veil | Sand Rush | Snow Cloak | Slush Rush,50.0,50.0,1.2,55.0,0
29,Nidoran♀,55,47,52,40,40,41,poison, ,Poison Point | Rivalry | Hustle,0.0,100.0,0.4,7.0,0
30,Nidorina,70,62,67,55,55,56,poison, ,Poison Point | Rivalry | Hustle,0.0,100.0,0.8,20.0,0
31,Nidoqueen,90,92,87,75,85,76,poison,ground,Poison Point | Rivalry | Sheer Force,0.0,100.0,1.3,60.0,0
32,Nidoran♂,46,57,40,40,40,50,poison, ,Poison Point | Rivalry | Hustle,100.0,0.0,0.5,9.0,0
33,Nidorino,61,72,57,55,55,65,poison, ,Poison Point | Rivalry | Hustle,100.0,0.0,0.9,19.5,0
34,Nidoking,81,102,77,85,75,85,poison,ground,Poison Point | Rivalry | Sheer Force,100.0,0.0,1.4,62.0,0
35,Clefairy,70,45,48,60,65,35,fairy, ,Cute Charm | Magic Guard | Friend Guard,25.0,75.0,0.6,7.5,0
36,Clefable,95,70,73,95,90,60,fairy, ,Cute Charm | Magic Guard | Unaware,25.0,75.0,1.3,40.0,0
37,Vulpix,38,41,40,50,65,65,fire, ,Flash Fire | Drought | Snow Cloak | Snow Warning,25.0,75.0,0.6,9.9,0
38,Ninetales,73,76,75,81,100,100,fire,fairy,Flash Fire | Drought | Snow Cloak | Snow Warning,25.0,75.0,1.1,19.9,0
39,Jigglypuff,115,45,20,45,25,20,normal,fairy,Cute Charm | Competitive | Friend Guard,25.0,75.0,0.5,5.5,0
40,Wigglytuff,140,70,45,85,50,45,normal,fairy,Cute Charm | Competitive | Frisk,25.0,75.0,1.0,12.0,0
41,Zubat,40,45,35,30,40,55,poison,flying,Inner Focus | Infiltrator,50.2,49.8,0.8,7.5,0
42,Golbat,75,80,70,65,75,90,poison,flying,Inner Focus | Infiltrator,50.2,49.8,1.6,55.0,0
43,Oddish,45,50,55,75,65,30,grass,poison,Chlorophyll | Run Away,50.0,50.0,0.5,5.4,0
44,Gloom,60,65,70,85,75,40,grass,poison,Chlorophyll | Stench,50.0,50.0,0.8,8.6,0
45,Vileplume,75,80,85,110,90,50,grass,poison,Chlorophyll | Effect Spore,50.0,50.0,1.2,18.6,0
46,Paras,35,70,55,45,55,25,bug,grass,Effect Spore | Dry Skin | Damp,50.2,49.8,0.3,5.4,0
47,Parasect,60,95,80,60,80,30,bug,grass,Effect Spore | Dry Skin | Damp,50.2,49.8,1.0,29.5,0
48,Venonat,60,55,50,40,55,45,bug,poison,Compound Eyes | Tinted Lens | Run Away,50.0,50.0,1.0,30.0,0
49,Venomoth,70,65,60,90,75,90,bug,poison,Shield Dust | Tinted Lens | Wonder Skin,50.0,50.0,1.5,12.5,0
50,Diglett,10,55,25,35,45,95,ground,steel,Sand Veil | Arena Trap | Sand Force | Tangling Hair,50.0,50.0,0.2,1.0,0
51,Dugtrio,35,100,50,50,70,120,ground,steel,Sand Veil | Arena Trap | Sand Force | Tangling Hair,50.0,50.0,0.7,66.6,0
52,Meowth,40,45,35,40,40,90,normal, ,Pickup | Technician | Unnerve | Rattled | Tough Claws,50.0,50.0,0.4,4.2,0
53,Persian,65,70,60,65,65,115,normal, ,Limber | Technician | Unnerve,50.0,50.0,1.1,33.0,0
54,Psyduck,50,52,48,65,50,55,water, ,Damp | Cloud Nine | Swift Swim,50.0,50.0,0.8,19.6,0
55,Golduck,80,82,78,95,80,85,water, ,Damp | Cloud Nine | Swift Swim,50.0,50.0,1.7,76.6,0
56,Mankey,40,80,35,35,45,70,fighting, ,Vital Spirit | Anger Point | Defiant,50.0,50.0,0.5,28.0,0
57,Primeape,65,105,60,60,70,95,fighting, ,Vital Spirit | Anger Point | Defiant,50.0,50.0,1.0,32.0,0
58,Growlithe,55,70,45,70,50,60,fire,rock,Intimidate | Flash Fire | Justified | Rock Head,75.0,25.0,0.7,19.0,0
59,Arcanine,90,110,80,100,80,95,fire,rock,Intimidate | Flash Fire | Justified | Rock Head,75.0,25.0,1.9,155.0,0
60,Poliwag,40,50,40,40,40,90,water, ,Water Absorb | Damp | Swift Swim,50.0,50.0,0.6,12.4,0
61,Poliwhirl,65,65,65,50,50,90,water, ,Water Absorb | Damp | Swift Swim,50.0,50.0,1.0,20.0,0
62,Poliwrath,90,95,95,70,90,70,water,fighting,Water Absorb | Damp | Swift Swim,50.0,50.0,1.3,54.0,0
63,Abra,25,20,15,105,55,90,psychic, ,Synchronize | Inner Focus | Magic Guard,75.49,24.51,0.9,19.5,0
64,Kadabra,40,35,30,120,70,105,psychic, ,Synchronize | Inner Focus | Magic Guard,75.49,24.51,1.3,56.5,0
65,Alakazam,55,50,45,135,95,120,psychic, ,Synchronize | Inner Focus | Magic Guard,75.49,24.51,1.5,48.0,1
66,Machop,70,80,50,35,35,35,fighting, ,Guts | No Guard | Steadfast,75.49,24.51,0.8,19.5,0
67,Machoke,80,100,70,50,60,45,fighting, ,Guts | No Guard | Steadfast,75.49,24.51,1.5,70.5,0
68,Machamp,90,130,80,65,85,55,fighting, ,Guts | No Guard | Steadfast,75.49,24.51,1.6,130.0,0
69,Bellsprout,50,75,35,70,30,40,grass,poison,Chlorophyll | Gluttony,50.0,50.0,0.7,4.0,0
70,Weepinbell,65,90,50,85,45,55,grass,poison,Chlorophyll | Gluttony,50.0,50.0,1.0,6.4,0
71,Victreebel,80,105,65,100,70,70,grass,poison,Chlorophyll | Gluttony,50.0,50.0,1.7,15.5,0
72,Tentacool,40,40,35,50,100,70,water,poison,Clear Body | Liquid Ooze | Rain Dish,50.0,50.0,0.9,45.5,0
73,Tentacruel,80,70,65,80,120,100,water,poison,Clear Body | Liquid Ooze | Rain Dish,50.0,50.0,1.6,55.0,0
74,Geodude,40,80,100,30,30,20,rock,ground,Rock Head | Sturdy | Sand Veil | Magnet Pull | Galvanize,50.0,50.0,0.4,20.3,0
75,Graveler,55,95,115,45,45,35,rock,ground,Rock Head | Sturdy | Sand Veil | Magnet Pull | Galvanize,50.0,50.0,1.0,110.0,0
76,Golem,80,120,130,55,65,45,rock,ground,Rock Head | Sturdy | Sand Veil | Magnet Pull | Galvanize,50.0,50.0,1.7,316.0,0
77,Ponyta,50,85,55,65,65,90,fire, ,Run Away | Flash Fire | Flame Body | Pastel Veil | Anticipation,50.2,49.8,0.8,24.0,0
78,Rapidash,65,100,70,80,80,105,fire,fairy,Run Away | Flash Fire | Flame Body | Pastel Veil | Anticipation,50.2,49.8,1.7,80.0,0
79,Slowpoke,90,65,65,40,40,15,water,psychic,Oblivious | Own Tempo | Regenerator | Gluttony,50.0,50.0,1.2,36.0,0
80,Slowbro,95,75,110,100,80,30,water,psychic,Oblivious | Own Tempo | Regenerator | Quick Draw,50.0,50.0,1.6,70.5,1
81,Magnemite,25,35,70,95,55,45,electric,steel,Magnet Pull | Sturdy | Analytic,0.0,0.0,0.3,6.0,0
82,Magneton,50,60,95,120,70,70,electric,steel,Magnet Pull | Sturdy | Analytic,0.0,0.0,1.0,60.0,0
83,Farfetch'd,52,90,55,58,62,60,normal,flying,Keen Eye | Inner Focus | Defiant | Steadfast | Scrappy,50.2,49.8,0.8,42.0,0
84,Doduo,35,85,45,35,35,75,normal,flying,Run Away | Early Bird | Tangled Feet,50.0,50.0,1.4,39.2,0
85,Dodrio,60,110,70,60,60,110,normal,flying,Run Away | Early Bird | Tangled Feet,50.0,50.0,1.8,85.2,0
86,Seel,65,45,55,45,70,45,water, ,Thick Fat | Hydration | Ice Body,50.0,50.0,1.1,90.0,0
87,Dewgong,90,70,80,70,95,70,water,ice,Thick Fat | Hydration | Ice Body,50.0,50.0,1.7,120.0,0
88,Grimer,80,80,50,40,50,25,poison,dark,Stench | Sticky Hold | Poison Touch | Gluttony | Power of Alchemy,50.0,50.0,0.7,42.0,0
89,Muk,105,105,75,65,100,50,poison,dark,Stench | Sticky Hold | Poison Touch | Gluttony | Power of Alchemy,50.0,50.0,1.0,52.0,0
90,Shellder,30,65,100,45,25,40,water, ,Shell Armor | Skill Link | Overcoat,50.0,50.0,0.3,4.0,0
91,Cloyster,50,95,180,85,45,70,water,ice,Shell Armor | Skill Link | Overcoat,50.0,50.0,1.5,132.5,0
92,Gastly,30,35,30,100,35,80,ghost,poison,Levitate,50.0,50.0,1.3,0.1,0
93,Haunter,45,50,45,115,55,95,ghost,poison,Levitate,50.0,50.0,1.6,0.1,0
94,Gengar,60,65,60,130,75,110,ghost,poison,Cursed Body,50.0,50.0,1.5,40.5,1
95,Onix,35,45,160,30,45,70,rock,ground,Rock Head | Sturdy | Weak Armor,50.2,49.8,8.8,210.0,0
96,Drowzee,60,48,45,43,90,42,psychic, ,Insomnia | Forewarn | Inner Focus,50.0,50.0,1.0,32.4,0
97,Hypno,85,73,70,73,115,67,psychic, ,Insomnia | Forewarn | Inner Focus,50.0,50.0,1.6,75.6,0
98,Krabby,30,105,90,25,25,50,water, ,Hyper Cutter | Shell Armor | Sheer Force,50.2,49.8,0.4,6.5,0
99,Kingler,55,130,115,50,50,75,water, ,Hyper Cutter | Shell Armor | Sheer Force,50.2,49.8,1.3,60.0,0
100,Voltorb,40,30,50,55,55,100,electric,grass,Soundproof | Static | Aftermath,0.0,0.0,0.5,10.4,0
101,Electrode,60,50,70,80,80,150,electric,grass,Soundproof | Static | Aftermath,0.0,0.0,1.2,66.6,0
102,Exeggcute,60,40,80,60,45,40,grass,psychic,Chlorophyll | Harvest,50.0,50.0,0.4,2.5,0
103,Exeggutor,95,95,85,125,75,55,grass,psychic,Chlorophyll | Harvest | Frisk,50.0,50.0,10.9,415.6,0
104,Cubone,50,50,95,40,50,35,ground, ,Rock Head | Lightning Rod | Battle Armor,50.2,49.8,0.4,6.5,0
105,Marowak,60,80,110,50,80,45,ground,ghost,Rock Head | Lightning Rod | Battle Armor | Cursed Body,50.2,49.8,1.0,34.0,0
106,Hitmonlee,50,120,53,35,110,87,fighting, ,Limber | Reckless | Unburden,100.0,0.0,1.5,49.8,0
107,Hitmonchan,50,105,79,35,110,76,fighting, ,Keen Eye | Iron Fist | Inner Focus,100.0,0.0,1.4,50.2,0
108,Lickitung,90,55,75,60,75,30,normal, ,Own Tempo | Oblivious | Cloud Nine,50.2,49.8,1.2,65.5,0
109,Koffing,40,65,95,60,45,35,poison, ,Levitate | Neutralizing Gas | Stench,50.0,50.0,0.6,1.0,0
110,Weezing,65,90,120,85,70,60,poison,fairy,Levitate | Neutralizing Gas | Stench | Misty Surge,50.0,50.0,3.0,16.0,0
111,Rhyhorn,80,85,95,30,30,25,ground,rock,Lightning Rod | Rock Head | Reckless,50.0,50.0,1.0,115.0,0
112,Rhydon,105,130,120,45,45,40,ground,rock,Lightning Rod | Rock Head | Reckless,50.0,50.0,1.9,120.0,0
113,Chansey,250,5,5,35,105,50,normal, ,Natural Cure | Serene Grace | Healer,0.0,100.0,1.1,34.6,0
114,Tangela,65,55,115,100,40,60,grass, ,Chlorophyll | Leaf Guard | Regenerator,50.2,49.8,1.0,35.0,0
115,Kangaskhan,105,95,80,40,80,90,normal, ,Early Bird | Scrappy | Inner Focus,0.0,100.0,2.2,80.0,1
116,Horsea,30,40,70,70,25,60,water, ,Swift Swim | Sniper | Damp,50.0,50.0,0.4,8.0,0
117,Seadra,55,65,95,95,45,85,water, ,Poison Point | Sniper | Damp,50.0,50.0,1.2,25.0,0
118,Goldeen,45,67,60,35,50,63,water, ,Swift Swim | Water Veil | Lightning Rod,50.2,49.8,0.6,15.0,0
119,Seaking,80,92,65,65,80,68,water, ,Swift Swim | Water Veil | Lightning Rod,50.2,49.8,1.3,39.0,0
120,Staryu,30,45,55,70,55,85,water, ,Illuminate | Natural Cure | Analytic,0.0,0.0,0.8,34.5,0
121,Starmie,60,75,85,100,85,115,water,psychic,Illuminate | Natural Cure | Analytic,0.0,0.0,1.1,80.0,0
122,Mr. Mime,40,45,65,100,120,90,psychic,fairy,Soundproof | Filter | Technician | Vital Spirit | Screen Cleaner | Ice Body,50.2,49.8,1.4,56.8,0
123,Scyther,70,110,80,55,80,105,bug,flying,Swarm | Technician | Steadfast,50.0,50.0,1.5,56.0,0
124,Jynx,65,50,35,115,95,95,ice,psychic,Oblivious | Forewarn | Dry Skin,0.0,100.0,1.4,40.6,0
125,Electabuzz,65,83,57,95,85,105,electric, ,Static | Vital Spirit,75.0,25.0,1.1,30.0,0
126,Magmar,65,95,57,100,85,93,fire, ,Flame Body | Vital Spirit,75.0,25.0,1.3,44.5,0
127,Pinsir,65,125,100,55,70,85,bug, ,Hyper Cutter | Mold Breaker | Moxie,50.2,49.8,1.5,55.0,1
128,Tauros,75,100,95,40,70,110,normal,fire,Intimidate | Anger Point | Sheer Force | Cud Chew,100.0,0.0,1.4,115.0,0
129,Magikarp,20,10,55,15,20,80,water, ,Swift Swim | Rattled,50.0,50.0,0.9,10.0,0
130,Gyarados,95,125,79,60,100,81,water,flying,Intimidate | Moxie,50.0,50.0,6.5,235.0,1
131,Lapras,130,85,80,85,95,60,water,ice,Water Absorb | Shell Armor | Hydration,50.0,50.0,2.5,220.0,0
132,Ditto,48,48,48,48,48,48,normal, ,Limber | Imposter,0.0,0.0,0.3,4.0,0
133,Eevee,55,55,50,45,65,55,normal, ,Run Away | Adaptability | Anticipation,88.0,12.0,0.3,6.5,0
134,Vaporeon,130,65,60,110,95,65,water, ,Water Absorb | Hydration,88.0,12.0,1.0,29.0,0
135,Jolteon,65,65,60,110,95,130,electric, ,Volt Absorb | Quick Feet,88.0,12.0,0.8,24.5,0
136,Flareon,65,130,60,95,110,65,fire, ,Flash Fire | Guts,88.0,12.0,0.9,25.0,0
137,Porygon,65,60,70,85,75,40,normal, ,Trace | Download | Analytic,0.0,0.0,0.8,36.5,0
138,Omanyte,35,40,100,90,55,35,rock,water,Swift Swim | Shell Armor | Weak Armor,88.14,11.86,0.4,7.5,0
139,Omastar,70,60,125,115,70,55,rock,water,Swift Swim | Shell Armor | Weak Armor,88.14,11.86,1.0,35.0,0
140,Kabuto,30,80,90,55,45,55,rock,water,Swift Swim | Battle Armor | Weak Armor,88.14,11.86,0.5,11.5,0
141,Kabutops,60,115,105,65,70,80,rock,water,Swift Swim | Battle Armor | Weak Armor,88.14,11.86,1.3,40.5,0
142,Aerodactyl,80,105,65,60,75,130,rock,flying,Rock Head | Pressure | Unnerve,88.14,11.86,1.8,59.0,1
143,Snorlax,160,110,65,65,110,30,normal, ,Immunity | Thick Fat | Gluttony,88.0,12.0,2.1,460.0,0
144,Articuno,90,85,100,95,125,85,ice,flying,Pressure | Snow Cloak | Competitive,0.0,0.0,1.7,50.9,0
145,Zapdos,90,90,85,125,90,100,electric,flying,Pressure | Static | Defiant,0.0,0.0,1.6,58.2,0
146,Moltres,90,100,90,125,85,90,fire,flying,Pressure | Flame Body | Berserk,0.0,0.0,2.0,66.0,0
147,Dratini,41,64,45,50,50,50,dragon, ,Shed Skin | Marvel Scale,50.0,50.0,1.8,3.3,0
148,Dragonair,61,84,65,70,70,70,dragon, ,Shed Skin | Marvel Scale,50.0,50.0,4.0,16.5,0
149,Dragonite,91,134,95,100,100,80,dragon,flying,Inner Focus | Multiscale,50.0,50.0,2.2,210.0,0
150,Mewtwo,106,110,90,154,90,130,psychic, ,Pressure | Unnerve,0.0,0.0,2.0,122.0,1
151,Mew,100,100,100,100,100,100,psychic, ,Synchronize,0.0,0.0,0.4,4.0,0
152,Chikorita,45,49,65,49,65,45,grass, ,Overgrow | Leaf Guard,88.0,12.0,0.9,6.4,0
153,Bayleef,60,62,80,63,80,60,grass, ,Overgrow | Leaf Guard,88.0,12.0,1.2,15.8,0
154,Meganium,80,82,100,83,100,80,grass, ,Overgrow | Leaf Guard,88.0,12.0,1.8,100.5,0
155,Cyndaquil,39,52,43,60,50,65,fire, ,Blaze | Flash Fire,88.0,12.0,0.5,7.9,0
156,Quilava,58,64,58,80,65,80,fire, ,Blaze | Flash Fire,88.0,12.0,0.9,19.0,0
157,Typhlosion,78,84,78,109,85,100,fire,ghost,Blaze | Flash Fire | Frisk,88.0,12.0,1.7,79.5,0
158,Totodile,50,65,64,44,48,43,water, ,Torrent | Sheer Force,88.0,12.0,0.6,9.5,0
159,Croconaw,65,80,80,59,63,58,water, ,Torrent | Sheer Force,88.0,12.0,1.1,25.0,0
160,Feraligatr,85,105,100,79,83,78,water, ,Torrent | Sheer Force,88.0,12.0,2.3,88.8,0
161,Sentret,35,46,34,35,45,20,normal, ,Run Away | Keen Eye | Frisk,50.0,50.0,0.8,6.0,0
162,Furret,85,76,64,45,55,90,normal, ,Run Away | Keen Eye | Frisk,50.0,50.0,1.8,32.5,0
163,Hoothoot,60,30,30,36,56,50,normal,flying,Insomnia | Keen Eye | Tinted Lens,50.0,50.0,0.7,21.2,0
164,Noctowl,100,50,50,86,96,70,normal,flying,Insomnia | Keen Eye | Tinted Lens,50.0,50.0,1.6,40.8,0
165,Ledyba,40,20,30,40,80,55,bug,flying,Swarm | Early Bird | Rattled,50.2,49.8,1.0,10.8,0
166,Ledian,55,35,50,55,110,85,bug,flying,Swarm | Early Bird | Iron Fist,50.2,49.8,1.4,35.6,0
167,Spinarak,40,60,40,40,40,30,bug,poison,Swarm | Insomnia | Sniper,50.0,50.0,0.5,8.5,0
168,Ariados,70,90,70,60,70,40,bug,poison,Swarm | Insomnia | Sniper,50.0,50.0,1.1,33.5,0
169,Crobat,85,90,80,70,80,130,poison,flying,Inner Focus | Infiltrator,50.2,49.8,1.8,75.0,0
170,Chinchou,75,38,38,56,56,67,water,electric,Volt Absorb | Illuminate | Water Absorb,50.0,50.0,0.5,12.0,0
171,Lanturn,125,58,58,76,76,67,water,electric,Volt Absorb | Illuminate | Water Absorb,50.0,50.0,1.2,22.5,0
172,Pichu,20,40,15,35,35,60,electric, ,Static | Lightning Rod,50.0,50.0,0.3,2.0,0
173,Cleffa,50,25,28,45,55,15,fairy, ,Cute Charm | Magic Guard | Friend Guard,25.0,75.0,0.3,3.0,0
174,Igglybuff,90,30,15,40,20,15,normal,fairy,Cute Charm | Competitive | Friend Guard,25.0,75.0,0.3,1.0,0
175,Togepi,35,20,65,40,65,20,fairy, ,Hustle | Serene Grace | Super Luck,88.14,11.86,0.3,1.5,0
176,Togetic,55,40,85,80,105,40,fairy,flying,Hustle | Serene Grace | Super Luck,88.14,11.86,0.6,3.2,0
177,Natu,40,50,45,70,45,70,psychic,flying,Synchronize | Early Bird | Magic Bounce,50.2,49.8,0.2,2.0,0
178,Xatu,65,75,70,95,70,95,psychic,flying,Synchronize | Early Bird | Magic Bounce,50.2,49.8,1.5,15.0,0
179,Mareep,55,40,40,65,45,35,electric, ,Static | Plus,50.0,50.0,0.6,7.8,0
180,Flaaffy,70,55,55,80,60,45,electric, ,Static | Plus,50.0,50.0,0.8,13.3,0
181,Ampharos,90,75,85,115,90,55,electric, ,Static | Plus,50.0,50.0,1.4,61.5,1
182,Bellossom,75,80,95,90,100,50,grass, ,Chlorophyll | Healer,50.0,50.0,0.4,5.8,0
183,Marill,70,20,50,20,50,40,water,fairy,Thick Fat | Huge Power | Sap Sipper,50.0,50.0,0.4,8.5,0
184,Azumarill,100,50,80,60,80,50,water,fairy,Thick Fat | Huge Power | Sap Sipper,50.0,50.0,0.8,28.5,0
185,Sudowoodo,70,100,115,30,65,30,rock, ,Sturdy | Rock Head | Rattled,50.0,50.0,1.2,38.0,0
186,Politoed,90,75,75,90,100,70,water, ,Water Absorb | Damp | Drizzle,50.0,50.0,1.1,33.9,0
187,Hoppip,35,35,40,35,55,50,grass,flying,Chlorophyll | Leaf Guard | Infiltrator,50.0,50.0,0.4,0.5,0
188,Skiploom,55,45,50,45,65,80,grass,flying,Chlorophyll | Leaf Guard | Infiltrator,50.0,50.0,0.6,1.0,0
189,Jumpluff,75,55,70,55,95,110,grass,flying,Chlorophyll | Leaf Guard | Infiltrator,50.0,50.0,0.8,3.0,0
190,Aipom,55,70,55,40,55,85,normal, ,Run Away | Pickup | Skill Link,50.0,50.0,0.8,11.5,0
191,Sunkern,30,30,30,30,30,30,grass, ,Chlorophyll | Solar Power | Early Bird,50.0,50.0,0.3,1.8,0
192,Sunflora,75,75,55,105,85,30,grass, ,Chlorophyll | Solar Power | Early Bird,50.0,50.0,0.8,8.5,0
193,Yanma,65,65,45,75,45,95,bug,flying,Speed Boost | Compound Eyes | Frisk,50.0,50.0,1.2,38.0,0
194,Wooper,55,45,45,25,25,15,water,ground,Damp | Water Absorb | Unaware | Poison Point,50.0,50.0,0.4,11.0,0
195,Quagsire,95,85,85,65,65,35,water,ground,Damp | Water Absorb | Unaware,50.0,50.0,1.4,75.0,0
196,Espeon,65,65,60,130,95,110,psychic, ,Synchronize | Magic Bounce,88.0,12.0,0.9,26.5,0
197,Umbreon,95,65,110,60,130,65,dark, ,Synchronize | Inner Focus,88.0,12.0,1.0,27.0,0
198,Murkrow,60,85,42,85,42,91,dark,flying,Insomnia | Super Luck | Prankster,50.0,50.0,0.5,2.1,0
199,Slowking,95,75,80,100,110,30,water,psychic,Oblivious | Own Tempo | Regenerator | Curious Medicine,50.0,50.0,1.8,79.5,0
200,Misdreavus,60,60,60,85,85,85,ghost, ,Levitate,50.0,50.0,0.7,1.0,0
201,Unown,48,72,48,72,48,48,psychic, ,Levitate,0.0,0.0,0.5,5.0,0
202,Wobbuffet,190,33,58,33,58,33,psychic, ,Shadow Tag | Telepathy,50.2,49.8,1.3,28.5,0
203,Girafarig,70,80,65,90,65,85,normal,psychic,Inner Focus | Early Bird | Sap Sipper,50.0,50.0,1.5,41.5,0
204,Pineco,50,65,90,35,35,15,bug, ,Sturdy | Overcoat,50.0,50.0,0.6,7.2,0
205,Forretress,75,90,140,60,60,40,bug,steel,Sturdy | Overcoat,50.0,50.0,1.2,125.8,0
206,Dunsparce,100,70,70,65,65,45,normal, ,Serene Grace | Run Away | Rattled,50.0,50.0,1.5,14.0,0
207,Gligar,65,75,105,35,65,85,ground,flying,Hyper Cutter | Sand Veil | Immunity,50.0,50.0,1.1,64.8,0
208,Steelix,75,85,200,55,65,30,steel,ground,Rock Head | Sturdy | Sheer Force,50.2,49.8,9.2,400.0,1
209,Snubbull,60,80,50,40,40,30,fairy, ,Intimidate | Run Away | Rattled,25.0,75.0,0.6,7.8,0
210,Granbull,90,120,75,60,60,45,fairy, ,Intimidate | Quick Feet | Rattled,25.0,75.0,1.4,48.7,0
211,Qwilfish,65,95,85,55,55,85,water,poison,Poison Point | Swift Swim | Intimidate,50.0,50.0,0.5,3.9,0
212,Scizor,70,130,100,55,80,65,bug,steel,Swarm | Technician | Light Metal,50.0,50.0,1.8,118.0,1
213,Shuckle,20,10,230,10,230,5,bug,rock,Sturdy | Gluttony | Contrary,50.2,49.8,0.6,20.5,0
214,Heracross,80,125,75,40,95,85,bug,fighting,Swarm | Guts | Moxie,50.0,50.0,1.5,54.0,1
215,Sneasel,55,95,55,35,75,115,dark,ice,Inner Focus | Keen Eye | Pickpocket,50.0,50.0,0.9,28.0,0
216,Teddiursa,60,80,50,50,50,40,normal, ,Pickup | Quick Feet | Honey Gather,50.0,50.0,0.6,8.8,0
217,Ursaring,90,130,75,75,75,55,normal, ,Guts | Quick Feet | Unnerve,50.0,50.0,1.8,125.8,0
218,Slugma,40,40,40,70,40,20,fire, ,Magma Armor | Flame Body | Weak Armor,50.0,50.0,0.7,35.0,0
219,Magcargo,60,50,120,90,80,30,fire,rock,Magma Armor | Flame Body | Weak Armor,50.0,50.0,0.8,55.0,0
220,Swinub,50,50,40,30,30,50,ice,ground,Oblivious | Snow Cloak | Thick Fat,50.0,50.0,0.4,6.5,0
221,Piloswine,100,100,80,60,60,50,ice,ground,Oblivious | Snow Cloak | Thick Fat,50.0,50.0,1.1,55.8,0
222,Corsola,65,55,95,65,95,35,water,rock,Hustle | Natural Cure | Regenerator | Weak Armor | Cursed Body,24.9,75.1,0.6,0.5,0
223,Remoraid,35,65,35,65,35,65,water, ,Hustle | Sniper | Moody,50.2,49.8,0.6,12.0,0
224,Octillery,75,105,75,105,75,45,water, ,Suction Cups | Sniper | Moody,50.2,49.8,0.9,28.5,0
225,Delibird,45,55,45,65,45,75,ice,flying,Vital Spirit | Hustle | Insomnia,50.0,50.0,0.9,16.0,0
226,Mantine,85,40,70,80,140,70,water,flying,Swift Swim | Water Absorb | Water Veil,50.2,49.8,2.1,220.0,0
227,Skarmory,65,80,140,40,70,70,steel,flying,Keen Eye | Sturdy | Weak Armor,50.0,50.0,1.7,50.5,0
228,Houndour,45,60,30,80,50,65,dark,fire,Early Bird | Flash Fire | Unnerve,50.0,50.0,0.6,10.8,0
229,Houndoom,75,90,50,110,80,95,dark,fire,Early Bird | Flash Fire | Unnerve,50.0,50.0,1.4,35.0,1
230,Kingdra,75,95,95,95,95,85,water,dragon,Swift Swim | Sniper | Damp,50.0,50.0,1.8,152.0,0
231,Phanpy,90,60,60,40,40,40,ground, ,Pickup | Sand Veil,50.0,50.0,0.5,33.5,0
232,Donphan,90,120,120,60,60,50,ground, ,Sturdy | Sand Veil,50.0,50.0,1.1,120.0,0
233,Porygon2,85,80,90,105,95,60,normal, ,Trace | Download | Analytic,0.0,0.0,0.6,32.5,0
234,Stantler,73,95,62,85,65,85,normal, ,Intimidate | Frisk | Sap Sipper,50.0,50.0,1.4,71.2,0
235,Smeargle,55,20,35,20,45,75,normal, ,Own Tempo | Technician | Moody,50.0,50.0,1.2,58.0,0
236,Tyrogue,35,35,35,35,35,35,fighting, ,Guts | Steadfast | Vital Spirit,100.0,0.0,0.7,21.0,0
237,Hitmontop,50,95,95,35,110,70,fighting, ,Intimidate | Technician | Steadfast,100.0,0.0,1.4,48.0,0
238,Smoochum,45,30,15,85,65,65,ice,psychic,Oblivious | Forewarn | Hydration,0.0,100.0,0.4,6.0,0
239,Elekid,45,63,37,65,55,95,electric, ,Static | Vital Spirit,75.0,25.0,0.6,23.5,0
240,Magby,45,75,37,70,55,83,fire, ,Flame Body | Vital Spirit,75.0,25.0,0.7,21.4,0
241,Miltank,95,80,105,40,70,100,normal, ,Thick Fat | Scrappy | Sap Sipper,0.0,100.0,1.2,75.5,0
242,Blissey,255,10,10,75,135,55,normal, ,Natural Cure | Serene Grace | Healer,0.0,100.0,1.5,46.8,0
243,Raikou,90,85,75,115,100,115,electric, ,Pressure | Inner Focus,0.0,0.0,1.9,178.0,0
244,Entei,115,115,85,90,75,100,fire, ,Pressure | Inner Focus,0.0,0.0,2.1,198.0,0
245,Suicune,100,75,115,90,115,85,water, ,Pressure | Inner Focus,0.0,0.0,2.0,187.0,0
246,Larvitar,50,64,50,45,50,41,rock,ground,Guts | Sand Veil,50.0,50.0,0.6,72.0,0
247,Pupitar,70,84,70,65,70,51,rock,ground,Shed Skin,50.0,50.0,1.2,152.0,0
248,Tyranitar,100,134,110,95,100,61,rock,dark,Sand Stream | Unnerve,50.0,50.0,2.0,202.0,1
249,Lugia,106,90,130,90,154,110,psychic,flying,Pressure | Multiscale,0.0,0.0,5.2,216.0,0
250,Ho-Oh,106,130,90,110,154,90,fire,flying,Pressure | Regenerator,0.0,0.0,3.8,199.0,0
251,Celebi,100,100,100,100,100,100,psychic,grass,Natural Cure,0.0,0.0,0.6,5.0,0
252,Treecko,40,45,35,65,55,70,grass, ,Overgrow | Unburden,88.0,12.0,0.5,5.0,0
253,Grovyle,50,65,45,85,65,95,grass, ,Overgrow | Unburden,88.0,12.0,0.9,21.6,0
254,Sceptile,70,85,65,105,85,120,grass, ,Overgrow | Unburden,88.0,12.0,1.7,52.2,1
255,Torchic,45,60,40,70,50,45,fire, ,Blaze | Speed Boost,88.0,12.0,0.4,2.5,0
256,Combusken,60,85,60,85,60,55,fire,fighting,Blaze | Speed Boost,88.0,12.0,0.9,19.5,0
257,Blaziken,80,120,70,110,70,80,fire,fighting,Blaze | Speed Boost,88.0,12.0,1.9,52.0,1
258,Mudkip,50,70,50,50,50,40,water, ,Torrent | Damp,88.0,12.0,0.4,7.6,0
259,Marshtomp,70,85,70,60,70,50,water,ground,Torrent | Damp,88.0,12.0,0.7,28.0,0
260,Swampert,100,110,90,85,90,60,water,ground,Torrent | Damp,88.0,12.0,1.5,81.9,1
261,Poochyena,35,55,35,30,30,35,dark, ,Run Away | Quick Feet | Rattled,50.0,50.0,0.5,13.6,0
262,Mightyena,70,90,70,60,60,70,dark, ,Intimidate | Quick Feet | Moxie,50.0,50.0,1.0,37.0,0
263,Zigzagoon,38,30,41,30,41,60,normal,normal,Pickup | Gluttony | Quick Feet,50.2,49.8,0.4,17.5,0
264,Linoone,78,70,61,50,61,100,normal,normal,Pickup | Gluttony | Quick Feet,50.2,49.8,0.5,32.5,0
265,Wurmple,45,45,35,20,30,20,bug, ,Shield Dust | Run Away,50.2,49.8,0.3,3.6,0
266,Silcoon,50,35,55,25,25,15,bug, ,Shed Skin,50.2,49.8,0.6,10.0,0
267,Beautifly,60,70,50,100,50,65,bug,flying,Swarm | Rivalry,50.2,49.8,1.0,28.4,0
268,Cascoon,50,35,55,25,25,15,bug, ,Shed Skin,50.2,49.8,0.7,11.5,0
269,Dustox,60,50,70,50,90,65,bug,poison,Shield Dust | Compound Eyes,50.2,49.8,1.2,31.6,0
270,Lotad,40,30,30,40,50,30,water,grass,Swift Swim | Rain Dish | Own Tempo,50.0,50.0,0.5,2.6,0
271,Lombre,60,50,50,60,70,50,water,grass,Swift Swim | Rain Dish | Own Tempo,50.0,50.0,1.2,32.5,0
272,Ludicolo,80,70,70,90,100,70,water,grass,Swift Swim | Rain Dish | Own Tempo,50.0,50.0,1.5,55.0,0
273,Seedot,40,40,50,30,30,30,grass, ,Chlorophyll | Early Bird | Pickpocket,50.0,50.0,0.5,4.0,0
274,Nuzleaf,70,70,40,60,40,60,grass,dark,Chlorophyll | Early Bird | Pickpocket,50.0,50.0,1.0,28.0,0
275,Shiftry,90,100,60,90,60,80,grass,dark,Chlorophyll | Wind Rider | Pickpocket,50.0,50.0,1.3,59.6,0
276,Taillow,40,55,30,30,30,85,normal,flying,Guts | Scrappy,50.2,49.8,0.3,2.3,0
277,Swellow,60,85,60,75,50,125,normal,flying,Guts | Scrappy,50.2,49.8,0.7,19.8,0
278,Wingull,40,30,30,55,30,85,water,flying,Keen Eye | Hydration | Rain Dish,50.0,50.0,0.6,9.5,0
279,Pelipper,60,50,100,95,70,65,water,flying,Keen Eye | Drizzle | Rain Dish,50.0,50.0,1.2,28.0,0
280,Ralts,28,25,25,45,35,40,psychic,fairy,Synchronize | Trace | Telepathy,50.0,50.0,0.4,6.6,0
281,Kirlia,38,35,35,65,55,50,psychic,fairy,Synchronize | Trace | Telepathy,50.0,50.0,0.8,20.2,0
282,Gardevoir,68,65,65,125,115,80,psychic,fairy,Synchronize | Trace | Telepathy,50.0,50.0,1.6,48.4,1
283,Surskit,40,30,32,50,52,65,bug,water,Swift Swim | Rain Dish,50.0,50.0,0.5,1.7,0
284,Masquerain,70,60,62,100,82,80,bug,flying,Intimidate | Unnerve,50.0,50.0,0.8,3.6,0
285,Shroomish,60,40,60,40,60,35,grass, ,Effect Spore | Poison Heal | Quick Feet,50.0,50.0,0.4,4.5,0
286,Breloom,60,130,80,60,60,70,grass,fighting,Effect Spore | Poison Heal | Technician,50.0,50.0,1.2,39.2,0
287,Slakoth,60,60,60,35,35,30,normal, ,Truant,50.0,50.0,0.8,24.0,0
288,Vigoroth,80,80,80,55,55,90,normal, ,Vital Spirit,50.0,50.0,1.4,46.5,0
289,Slaking,150,160,100,95,65,100,normal, ,Truant,50.0,50.0,2.0,130.5,0
290,Nincada,31,45,90,30,30,40,bug,ground,Compound Eyes | Run Away,50.2,49.8,0.5,5.5,0
291,Ninjask,61,90,45,50,50,160,bug,flying,Speed Boost | Infiltrator,50.2,49.8,0.8,12.0,0
292,Shedinja,1,90,45,30,30,40,bug,ghost,Wonder Guard,0.0,0.0,0.8,1.2,0
293,Whismur,64,51,23,51,23,28,normal, ,Soundproof | Rattled,50.2,49.8,0.6,16.3,0
294,Loudred,84,71,43,71,43,48,normal, ,Soundproof | Scrappy,50.2,49.8,1.0,40.5,0
295,Exploud,104,91,63,91,73,68,normal, ,Soundproof | Scrappy,50.2,49.8,1.5,84.0,0
296,Makuhita,72,60,30,20,30,25,fighting, ,Thick Fat | Guts | Sheer Force,75.0,25.0,1.0,86.4,0
297,Hariyama,144,120,60,40,60,50,fighting, ,Thick Fat | Guts | Sheer Force,75.0,25.0,2.3,253.8,0
298,Azurill,50,20,40,20,40,20,normal,fairy,Thick Fat | Huge Power | Sap Sipper,25.0,75.0,0.2,2.0,0
299,Nosepass,30,45,135,45,90,30,rock, ,Sturdy | Magnet Pull | Sand Force,50.0,50.0,1.0,97.0,0
300,Skitty,50,45,45,35,35,50,normal, ,Cute Charm | Normalize | Wonder Skin,24.9,75.1,0.6,11.0,0
301,Delcatty,70,65,65,55,55,90,normal, ,Cute Charm | Normalize | Wonder Skin,24.9,75.1,1.1,32.6,0
302,Sableye,50,75,75,65,65,50,dark,ghost,Keen Eye | Stall | Prankster,50.0,50.0,0.5,11.0,1
303,Mawile,50,85,85,55,55,50,steel,fairy,Hyper Cutter | Intimidate | Sheer Force,50.2,49.8,0.6,11.5,1
304,Aron,50,70,100,40,40,30,steel,rock,Sturdy | Rock Head | Heavy Metal,50.2,49.8,0.4,60.0,0
305,Lairon,60,90,140,50,50,40,steel,rock,Sturdy | Rock Head | Heavy Metal,50.2,49.8,0.9,120.0,0
306,Aggron,70,110,180,60,60,50,steel,rock,Sturdy | Rock Head | Heavy Metal,50.2,49.8,2.1,360.0,1
307,Meditite,30,40,55,40,55,60,fighting,psychic,Pure Power | Telepathy,50.0,50.0,0.6,11.2,0
308,Medicham,60,60,75,60,75,80,fighting,psychic,Pure Power | Telepathy,50.0,50.0,1.3,31.5,1
309,Electrike,40,45,40,65,40,65,electric, ,Static | Lightning Rod | Minus,50.2,49.8,0.6,15.2,0
310,Manectric,70,75,60,105,60,105,electric, ,Static | Lightning Rod | Minus,50.2,49.8,1.5,40.2,1
311,Plusle,60,50,40,85,75,95,electric, ,Plus | Lightning Rod,50.0,50.0,0.4,4.2,0
312,Minun,60,40,50,75,85,95,electric, ,Minus | Volt Absorb,50.0,50.0,0.4,4.2,0
313,Volbeat,65,73,75,47,85,85,bug, ,Illuminate | Swarm | Prankster,100.0,0.0,0.7,17.7,0
314,Illumise,65,47,75,73,85,85,bug, ,Oblivious | Tinted Lens | Prankster,0.0,100.0,0.6,17.7,0
315,Roselia,50,60,45,100,80,65,grass,poison,Natural Cure | Poison Point | Leaf Guard,50.2,49.8,0.3,2.0,0
316,Gulpin,70,43,53,43,53,40,poison, ,Liquid Ooze | Sticky Hold | Gluttony,50.0,50.0,0.4,10.3,0
317,Swalot,100,73,83,73,83,55,poison, ,Liquid Ooze | Sticky Hold | Gluttony,50.0,50.0,1.7,80.0,0
318,Carvanha,45,90,20,65,20,65,water,dark,Rough Skin | Speed Boost,50.2,49.8,0.8,20.8,0
319,Sharpedo,70,120,40,95,40,95,water,dark,Rough Skin | Speed Boost,50.2,49.8,1.8,88.8,1
320,Wailmer,130,70,35,70,35,60,water, ,Water Veil | Oblivious | Pressure,50.2,49.8,2.0,130.0,0
321,Wailord,170,90,45,90,45,60,water, ,Water Veil | Oblivious | Pressure,50.2,49.8,14.5,398.0,0
322,Numel,60,60,40,65,45,35,fire,ground,Oblivious | Simple | Own Tempo,50.0,50.0,0.7,24.0,0
323,Camerupt,70,100,70,105,75,40,fire,ground,Magma Armor | Solid Rock | Anger Point,50.0,50.0,1.9,220.0,1
324,Torkoal,70,85,140,85,70,20,fire, ,White Smoke | Drought | Shell Armor,50.0,50.0,0.5,80.4,0
325,Spoink,60,25,35,70,80,60,psychic, ,Thick Fat | Own Tempo | Gluttony,50.0,50.0,0.7,30.6,0
326,Grumpig,80,45,65,90,110,80,psychic, ,Thick Fat | Own Tempo | Gluttony,50.0,50.0,0.9,71.5,0
327,Spinda,60,60,60,60,60,60,normal, ,Own Tempo | Tangled Feet | Contrary,50.2,49.8,1.1,5.0,0
328,Trapinch,45,100,45,45,45,10,ground, ,Hyper Cutter | Arena Trap | Sheer Force,50.0,50.0,0.7,15.0,0
329,Vibrava,50,70,50,50,50,70,ground,dragon,Levitate,50.0,50.0,1.1,15.3,0
330,Flygon,80,100,80,80,80,100,ground,dragon,Levitate,50.0,50.0,2.0,82.0,0
331,Cacnea,50,85,40,85,40,35,grass, ,Sand Veil | Water Absorb,50.0,50.0,0.4,51.3,0
332,Cacturne,70,115,60,115,60,55,grass,dark,Sand Veil | Water Absorb,50.0,50.0,1.3,77.4,0
333,Swablu,45,40,60,40,75,50,normal,flying,Natural Cure | Cloud Nine,50.0,50.0,0.4,1.2,0
334,Altaria,75,70,90,70,105,80,dragon,flying,Natural Cure | Cloud Nine,50.0,50.0,1.1,20.6,1
335,Zangoose,73,115,60,60,60,90,normal, ,Immunity | Toxic Boost,50.0,50.0,1.3,40.3,0
336,Seviper,73,100,60,100,60,65,poison, ,Shed Skin | Infiltrator,50.0,50.0,2.7,52.5,0
337,Lunatone,90,55,65,95,85,70,rock,psychic,Levitate,0.0,0.0,1.0,168.0,0
338,Solrock,90,95,85,55,65,70,rock,psychic,Levitate,0.0,0.0,1.2,154.0,0
339,Barboach,50,48,43,46,41,60,water,ground,Oblivious | Anticipation | Hydration,50.0,50.0,0.4,1.9,0
340,Whiscash,110,78,73,76,71,60,water,ground,Oblivious | Anticipation | Hydration,50.0,50.0,0.9,23.6,0
341,Corphish,43,80,65,50,35,35,water, ,Hyper Cutter | Shell Armor | Adaptability,50.0,50.0,0.6,11.5,0
342,Crawdaunt,63,120,85,90,55,55,water,dark,Hyper Cutter | Shell Armor | Adaptability,50.0,50.0,1.1,32.8,0
343,Baltoy,40,40,55,40,70,55,ground,psychic,Levitate,0.0,0.0,0.5,21.5,0
344,Claydol,60,70,105,70,120,75,ground,psychic,Levitate,0.0,0.0,1.5,108.0,0
345,Lileep,66,41,77,61,87,23,rock,grass,Suction Cups | Storm Drain,88.14,11.86,1.0,23.8,0
346,Cradily,86,81,97,81,107,43,rock,grass,Suction Cups | Storm Drain,88.14,11.86,1.5,60.4,0
347,Anorith,45,95,50,40,50,75,rock,bug,Battle Armor | Swift Swim,88.14,11.86,0.7,12.5,0
348,Armaldo,75,125,100,70,80,45,rock,bug,Battle Armor | Swift Swim,88.14,11.86,1.5,68.2,0
349,Feebas,20,15,20,10,55,80,water, ,Swift Swim | Oblivious | Adaptability,50.0,50.0,0.6,7.4,0
350,Milotic,95,60,79,100,125,81,water, ,Marvel Scale | Competitive | Cute Charm,50.0,50.0,6.2,162.0,0
351,Castform,70,70,70,70,70,70,normal, ,Forecast,50.2,49.8,0.3,0.8,0
352,Kecleon,60,90,70,60,120,40,normal, ,Color Change | Protean,50.2,49.8,1.0,22.0,0
353,Shuppet,44,75,35,63,33,45,ghost, ,Insomnia | Frisk | Cursed Body,50.0,50.0,0.6,2.3,0
354,Banette,64,115,65,83,63,65,ghost, ,Insomnia | Frisk | Cursed Body,50.0,50.0,1.1,12.5,1
355,Duskull,20,40,90,30,90,25,ghost, ,Levitate | Frisk,50.0,50.0,0.8,15.0,0
356,Dusclops,40,70,130,60,130,25,ghost, ,Pressure | Frisk,50.0,50.0,1.6,30.6,0
357,Tropius,99,68,83,72,87,51,grass,flying,Chlorophyll | Solar Power | Harvest,50.0,50.0,2.0,100.0,0
358,Chimecho,75,50,80,95,90,65,psychic, ,Levitate,50.0,50.0,0.6,1.0,0
359,Absol,65,130,60,75,60,75,dark, ,Pressure | Super Luck | Justified,50.2,49.8,1.2,47.0,1
360,Wynaut,95,23,48,23,48,23,psychic, ,Shadow Tag | Telepathy,50.2,49.8,0.6,14.0,0
361,Snorunt,50,50,50,50,50,50,ice, ,Inner Focus | Ice Body | Moody,50.0,50.0,0.7,16.8,0
362,Glalie,80,80,80,80,80,80,ice, ,Inner Focus | Ice Body | Moody,50.0,50.0,1.5,256.5,1
363,Spheal,70,40,50,55,50,25,ice,water,Thick Fat | Ice Body | Oblivious,50.2,49.8,0.8,39.5,0
364,Sealeo,90,60,70,75,70,45,ice,water,Thick Fat | Ice Body | Oblivious,50.2,49.8,1.1,87.6,0
365,Walrein,110,80,90,95,90,65,ice,water,Thick Fat | Ice Body | Oblivious,50.2,49.8,1.4,150.6,0
366,Clamperl,35,64,85,74,55,32,water, ,Shell Armor | Rattled,50.2,49.8,0.4,52.5,0
367,Huntail,55,104,105,94,75,52,water, ,Swift Swim | Water Veil,50.2,49.8,1.7,27.0,0
368,Gorebyss,55,84,105,114,75,52,water, ,Swift Swim | Hydration,50.2,49.8,1.8,22.6,0
369,Relicanth,100,90,130,45,65,55,water,rock,Swift Swim | Rock Head | Sturdy,88.14,11.86,1.0,23.4,0
370,Luvdisc,43,30,55,40,65,97,water, ,Swift Swim | Hydration,25.0,75.0,0.6,8.7,0
371,Bagon,45,75,60,40,30,50,dragon, ,Rock Head | Sheer Force,50.0,50.0,0.6,42.1,0
372,Shelgon,65,95,100,60,50,50,dragon, ,Rock Head | Overcoat,50.0,50.0,1.1,110.5,0
373,Salamence,95,135,80,110,80,100,dragon,flying,Intimidate | Moxie,50.0,50.0,1.5,102.6,1
374,Beldum,40,55,80,35,60,30,steel,psychic,Clear Body | Light Metal,0.0,0.0,0.6,95.2,0
375,Metang,60,75,100,55,80,50,steel,psychic,Clear Body | Light Metal,0.0,0.0,1.2,202.5,0
376,Metagross,80,135,130,95,90,70,steel,psychic,Clear Body | Light Metal,0.0,0.0,1.6,550.0,1
377,Regirock,80,100,200,50,100,50,rock, ,Clear Body | Sturdy,0.0,0.0,1.7,230.0,0
378,Regice,80,50,100,100,200,50,ice, ,Clear Body | Ice Body,0.0,0.0,1.8,175.0,0
379,Registeel,80,75,150,75,150,50,steel, ,Clear Body | Light Metal,0.0,0.0,1.9,205.0,0
380,Latias,80,80,90,110,130,110,dragon,psychic,Levitate,0.0,100.0,1.4,40.0,1
381,Latios,80,90,80,130,110,110,dragon,psychic,Levitate,100.0,0.0,2.0,60.0,1
382,Kyogre,100,100,90,150,140,90,water, ,Drizzle,0.0,0.0,4.5,352.0,1
383,Groudon,100,150,140,100,90,90,ground, ,Drought,0.0,0.0,3.5,950.0,1
384,Rayquaza,105,150,90,150,90,95,dragon,flying,Air Lock,0.0,0.0,7.0,206.5,1
385,Jirachi,100,100,100,100,100,100,steel,psychic,Serene Grace,0.0,0.0,0.3,1.1,0
386,Deoxys,50,150,50,150,50,150,psychic, ,Pressure,0.0,0.0,1.7,60.8,0
387,Turtwig,55,68,64,45,55,31,grass, ,Overgrow | Shell Armor,88.0,12.0,0.4,10.2,0
388,Grotle,75,89,85,55,65,36,grass, ,Overgrow | Shell Armor,88.0,12.0,1.1,97.0,0
389,Torterra,95,109,105,75,85,56,grass,ground,Overgrow | Shell Armor,88.0,12.0,2.2,310.0,0
390,Chimchar,44,58,44,58,44,61,fire, ,Blaze | Iron Fist,88.0,12.0,0.5,6.2,0
391,Monferno,64,78,52,78,52,81,fire,fighting,Blaze | Iron Fist,88.0,12.0,0.9,22.0,0
392,Infernape,76,104,71,104,71,108,fire,fighting,Blaze | Iron Fist,88.0,12.0,1.2,55.0,0
393,Piplup,53,51,53,61,56,40,water, ,Torrent | Competitive,88.0,12.0,0.4,5.2,0
394,Prinplup,64,66,68,81,76,50,water, ,Torrent | Competitive,88.0,12.0,0.8,23.0,0
395,Empoleon,84,86,88,111,101,60,water,steel,Torrent | Competitive,88.0,12.0,1.7,84.5,0
396,Starly,40,55,30,30,30,60,normal,flying,Keen Eye | Reckless,50.0,50.0,0.3,2.0,0
397,Staravia,55,75,50,40,40,80,normal,flying,Intimidate | Reckless,50.0,50.0,0.6,15.5,0
398,Staraptor,85,120,70,50,60,100,normal,flying,Intimidate | Reckless,50.0,50.0,1.2,24.9,0
399,Bidoof,59,45,40,35,40,31,normal, ,Simple | Unaware | Moody,50.2,49.8,0.5,20.0,0
400,Bibarel,79,85,60,55,60,71,normal,water,Simple | Unaware | Moody,50.2,49.8,1.0,31.5,0
401,Kricketot,37,25,41,25,41,25,bug, ,Shed Skin | Run Away,50.0,50.0,0.3,2.2,0
402,Kricketune,77,85,51,55,51,65,bug, ,Swarm | Technician,50.0,50.0,1.0,25.5,0
403,Shinx,45,65,34,40,34,45,electric, ,Rivalry | Intimidate | Guts,50.0,50.0,0.5,9.5,0
404,Luxio,60,85,49,60,49,60,electric, ,Rivalry | Intimidate | Guts,50.0,50.0,0.9,30.5,0
405,Luxray,80,120,79,95,79,70,electric, ,Rivalry | Intimidate | Guts,50.0,50.0,1.4,42.0,0
406,Budew,40,30,35,50,70,55,grass,poison,Natural Cure | Poison Point | Leaf Guard,50.2,49.8,0.2,1.2,0
407,Roserade,60,70,65,125,105,90,grass,poison,Natural Cure | Poison Point | Technician,50.2,49.8,0.9,14.5,0
408,Cranidos,67,125,40,30,30,58,rock, ,Mold Breaker | Sheer Force,88.0,12.0,0.9,31.5,0
409,Rampardos,97,165,60,65,50,58,rock, ,Mold Breaker | Sheer Force,88.0,12.0,1.6,102.5,0
410,Shieldon,30,42,118,42,88,30,rock,steel,Sturdy | Soundproof,88.0,12.0,0.5,57.0,0
411,Bastiodon,60,52,168,47,138,30,rock,steel,Sturdy | Soundproof,88.0,12.0,1.3,149.5,0
412,Burmy,40,29,45,29,45,36,bug, ,Shed Skin | Overcoat,50.2,49.8,0.2,3.4,0
413,Wormadam,60,59,85,79,105,36,bug,grass,Anticipation | Overcoat,0.0,100.0,0.5,6.5,0
414,Mothim,70,94,50,94,50,66,bug,flying,Swarm | Tinted Lens,100.0,0.0,0.9,23.3,0
415,Combee,30,30,42,30,42,70,bug,flying,Honey Gather | Hustle,88.0,12.0,0.3,5.5,0
416,Vespiquen,70,80,102,80,102,40,bug,flying,Pressure | Unnerve,0.0,100.0,1.2,38.5,0
417,Pachirisu,60,45,70,45,90,95,electric, ,Run Away | Pickup | Volt Absorb,50.0,50.0,0.4,3.9,0
418,Buizel,55,65,35,60,30,85,water, ,Swift Swim | Water Veil,50.0,50.0,0.7,29.5,0
419,Floatzel,85,105,55,85,50,115,water, ,Swift Swim | Water Veil,50.0,50.0,1.1,33.5,0
420,Cherubi,45,35,45,62,53,35,grass, ,Chlorophyll,50.2,49.8,0.4,3.3,0
421,Cherrim,70,60,70,87,78,85,grass, ,Flower Gift,50.2,49.8,0.5,9.3,0
422,Shellos,76,48,48,57,62,34,water, ,Sticky Hold | Storm Drain | Sand Force,50.0,50.0,0.3,6.3,0
423,Gastrodon,111,83,68,92,82,39,water,ground,Sticky Hold | Storm Drain | Sand Force,50.0,50.0,0.9,29.9,0
424,Ambipom,75,100,66,60,66,115,normal, ,Technician | Pickup | Skill Link,50.0,50.0,1.2,20.3,0
425,Drifloon,90,50,34,60,44,70,ghost,flying,Aftermath | Unburden | Flare Boost,50.0,50.0,0.4,1.2,0
426,Drifblim,150,80,44,90,54,80,ghost,flying,Aftermath | Unburden | Flare Boost,50.0,50.0,1.2,15.0,0
427,Buneary,55,66,44,44,56,85,normal, ,Run Away | Klutz | Limber,50.2,49.8,0.4,5.5,0
428,Lopunny,65,76,84,54,96,105,normal, ,Cute Charm | Klutz | Limber,50.2,49.8,1.2,33.3,1
429,Mismagius,60,60,60,105,105,105,ghost, ,Levitate,50.0,50.0,0.9,4.4,0
430,Honchkrow,100,125,52,105,52,71,dark,flying,Insomnia | Super Luck | Moxie,50.0,50.0,0.9,27.3,0
431,Glameow,49,55,42,42,37,85,normal, ,Limber | Own Tempo | Keen Eye,24.9,75.1,0.5,3.9,0
432,Purugly,71,82,64,64,59,112,normal, ,Thick Fat | Own Tempo | Defiant,24.9,75.1,1.0,43.8,0
433,Chingling,45,30,50,65,50,45,psychic, ,Levitate,50.0,50.0,0.2,0.6,0
434,Stunky,63,63,47,41,41,74,poison,dark,Stench | Aftermath | Keen Eye,50.0,50.0,0.4,19.2,0
435,Skuntank,103,93,67,71,61,84,poison,dark,Stench | Aftermath | Keen Eye,50.0,50.0,1.0,38.0,0
436,Bronzor,57,24,86,24,86,23,steel,psychic,Levitate | Heatproof | Heavy Metal,0.0,0.0,0.5,60.5,0
437,Bronzong,67,89,116,79,116,33,steel,psychic,Levitate | Heatproof | Heavy Metal,0.0,0.0,1.3,187.0,0
438,Bonsly,50,80,95,10,45,10,rock, ,Sturdy | Rock Head | Rattled,50.0,50.0,0.5,15.0,0
439,Mime Jr.,20,25,45,70,90,60,psychic,fairy,Soundproof | Filter | Technician,50.2,49.8,0.6,13.0,0
440,Happiny,100,5,5,15,65,30,normal, ,Natural Cure | Serene Grace | Friend Guard,0.0,100.0,0.6,24.4,0
441,Chatot,76,65,45,92,42,91,normal,flying,Keen Eye | Tangled Feet | Big Pecks,50.2,49.8,0.5,1.9,0
442,Spiritomb,50,92,108,92,108,35,ghost,dark,Pressure | Infiltrator,50.0,50.0,1.0,108.0,0
443,Gible,58,70,45,40,45,42,dragon,ground,Sand Veil | Rough Skin,50.0,50.0,0.7,20.5,0
444,Gabite,68,90,65,50,55,82,dragon,ground,Sand Veil | Rough Skin,50.0,50.0,1.4,56.0,0
445,Garchomp,108,130,95,80,85,102,dragon,ground,Sand Veil | Rough Skin,50.0,50.0,1.9,95.0,1
446,Munchlax,135,85,40,40,85,5,normal, ,Pickup | Thick Fat | Gluttony,88.0,12.0,0.6,105.0,0
447,Riolu,40,70,40,35,40,60,fighting, ,Steadfast | Inner Focus | Prankster,88.0,12.0,0.7,20.2,0
448,Lucario,70,110,70,115,70,90,fighting,steel,Steadfast | Inner Focus | Justified,88.0,12.0,1.2,54.0,1
449,Hippopotas,68,72,78,38,42,32,ground, ,Sand Stream | Sand Force,50.0,50.0,0.8,49.5,0
450,Hippowdon,108,112,118,68,72,47,ground, ,Sand Stream | Sand Force,50.0,50.0,2.0,300.0,0
451,Skorupi,40,50,90,30,55,65,poison,bug,Battle Armor | Sniper | Keen Eye,50.2,49.8,0.8,12.0,0
452,Drapion,70,90,110,60,75,95,poison,dark,Battle Armor | Sniper | Keen Eye,50.2,49.8,1.3,61.5,0
453,Croagunk,48,61,40,61,40,50,poison,fighting,Anticipation | Dry Skin | Poison Touch,50.0,50.0,0.7,23.0,0
454,Toxicroak,83,106,65,86,65,85,poison,fighting,Anticipation | Dry Skin | Poison Touch,50.0,50.0,1.3,44.4,0
455,Carnivine,74,100,72,90,72,46,grass, ,Levitate,50.2,49.8,1.4,27.0,0
456,Finneon,49,49,56,49,61,66,water, ,Swift Swim | Storm Drain | Water Veil,50.0,50.0,0.4,7.0,0
457,Lumineon,69,69,76,69,86,91,water, ,Swift Swim | Storm Drain | Water Veil,50.0,50.0,1.2,24.0,0
458,Mantyke,45,20,50,60,120,50,water,flying,Swift Swim | Water Absorb | Water Veil,50.2,49.8,1.0,65.0,0
459,Snover,60,62,50,62,60,40,grass,ice,Snow Warning | Soundproof,50.0,50.0,1.0,50.5,0
460,Abomasnow,90,92,75,92,85,60,grass,ice,Snow Warning | Soundproof,50.0,50.0,2.2,135.5,0
461,Weavile,70,120,65,45,85,125,dark,ice,Pressure | Pickpocket,50.0,50.0,1.1,34.0,0
462,Magnezone,70,70,115,130,90,60,electric,steel,Magnet Pull | Sturdy | Analytic,0.0,0.0,1.2,180.0,0
463,Lickilicky,110,85,95,80,95,50,normal, ,Own Tempo | Oblivious | Cloud Nine,50.2,49.8,1.7,140.0,0
464,Rhyperior,115,140,130,55,55,40,ground,rock,Lightning Rod | Solid Rock | Reckless,50.0,50.0,2.4,282.8,0
465,Tangrowth,100,100,125,110,50,50,grass, ,Chlorophyll | Leaf Guard | Regenerator,50.2,49.8,2.0,128.6,0
466,Electivire,75,123,67,95,85,95,electric, ,Motor Drive | Vital Spirit,75.0,25.0,1.8,138.6,0
467,Magmortar,75,95,67,125,95,83,fire, ,Flame Body | Vital Spirit,75.0,25.0,1.6,68.0,0
468,Togekiss,85,50,95,120,115,80,fairy,flying,Hustle | Serene Grace | Super Luck,88.14,11.86,1.5,38.0,0
469,Yanmega,86,76,86,116,56,95,bug,flying,Speed Boost | Tinted Lens | Frisk,50.0,50.0,1.9,51.5,0
470,Leafeon,65,110,130,60,65,95,grass, ,Leaf Guard | Chlorophyll,88.0,12.0,1.0,25.5,0
471,Glaceon,65,60,110,130,95,65,ice, ,Snow Cloak | Ice Body,88.0,12.0,0.8,25.9,0
472,Gliscor,75,95,125,45,75,95,ground,flying,Hyper Cutter | Sand Veil | Poison Heal,50.0,50.0,2.0,42.5,0
473,Mamoswine,110,130,80,70,60,80,ice,ground,Oblivious | Snow Cloak | Thick Fat,50.0,50.0,2.5,291.0,0
474,Porygon-Z,85,80,70,135,75,90,normal, ,Adaptability | Download | Analytic,0.0,0.0,0.9,34.0,0
475,Gallade,68,125,65,65,115,80,psychic,fighting,Steadfast | Sharpness | Justified,100.0,0.0,1.6,52.0,1
476,Probopass,60,55,145,75,150,40,rock,steel,Sturdy | Magnet Pull | Sand Force,50.0,50.0,1.4,340.0,0
477,Dusknoir,45,100,135,65,135,45,ghost, ,Pressure | Frisk,50.0,50.0,2.2,106.6,0
478,Froslass,70,80,70,80,70,110,ice,ghost,Snow Cloak | Cursed Body,0.0,100.0,1.3,26.6,0
479,Rotom,50,50,77,95,77,91,electric,ghost,Levitate,0.0,0.0,0.3,0.3,0
480,Uxie,75,75,130,75,130,95,psychic, ,Levitate,0.0,0.0,0.3,0.3,0
481,Mesprit,80,105,105,105,105,80,psychic, ,Levitate,0.0,0.0,0.3,0.3,0
482,Azelf,75,125,70,125,70,115,psychic, ,Levitate,0.0,0.0,0.3,0.3,0
483,Dialga,100,120,120,150,100,90,steel,dragon,Pressure | Telepathy,0.0,0.0,5.4,683.0,0
484,Palkia,90,120,100,150,120,100,water,dragon,Pressure | Telepathy,0.0,0.0,4.2,336.0,0
485,Heatran,91,90,106,130,106,77,fire,steel,Flash Fire | Flame Body,50.0,50.0,1.7,430.0,0
486,Regigigas,110,160,110,80,110,100,normal, ,Slow Start,0.0,0.0,3.7,420.0,0
487,Giratina,150,100,120,100,120,90,ghost,dragon,Pressure | Telepathy,0.0,0.0,4.5,750.0,0
488,Cresselia,120,70,110,75,120,85,psychic, ,Levitate,0.0,100.0,1.5,85.6,0
489,Phione,80,80,80,80,80,80,water, ,Hydration,0.0,0.0,0.4,3.1,0
490,Manaphy,100,100,100,100,100,100,water, ,Hydration,0.0,0.0,0.3,1.4,0
491,Darkrai,70,90,90,135,90,125,dark, ,Bad Dreams,0.0,0.0,1.5,50.5,0
492,Shaymin,100,100,100,100,100,100,grass, ,Natural Cure,0.0,0.0,0.2,2.1,0
493,Arceus,120,120,120,120,120,120,normal, ,Multitype,0.0,0.0,3.2,320.0,0
494,Victini,100,100,100,100,100,100,psychic,fire,Victory Star,0.0,0.0,0.4,4.0,0
495,Snivy,45,45,55,45,55,63,grass, ,Overgrow | Contrary,88.0,12.0,0.6,8.1,0
496,Servine,60,60,75,60,75,83,grass, ,Overgrow | Contrary,88.0,12.0,0.8,16.0,0
497,Serperior,75,75,95,75,95,113,grass, ,Overgrow | Contrary,88.0,12.0,3.3,63.0,0
498,Tepig,65,63,45,45,45,45,fire, ,Blaze | Thick Fat,88.0,12.0,0.5,9.9,0
499,Pignite,90,93,55,70,55,55,fire,fighting,Blaze | Thick Fat,88.0,12.0,1.0,55.5,0
500,Emboar,110,123,65,100,65,65,fire,fighting,Blaze | Reckless,88.0,12.0,1.6,150.0,0
501,Oshawott,55,55,45,63,45,45,water, ,Torrent | Shell Armor,88.0,12.0,0.5,5.9,0
502,Dewott,75,75,60,83,60,60,water, ,Torrent | Shell Armor,88.0,12.0,0.8,24.5,0
503,Samurott,95,100,85,108,70,70,water,dark,Torrent | Shell Armor | Sharpness,88.0,12.0,1.5,94.6,0
504,Patrat,45,55,39,35,39,42,normal, ,Run Away | Keen Eye | Analytic,50.0,50.0,0.5,11.6,0
505,Watchog,60,85,69,60,69,77,normal, ,Illuminate | Keen Eye | Analytic,50.0,50.0,1.1,27.0,0
506,Lillipup,45,60,45,25,45,55,normal, ,Vital Spirit | Pickup | Run Away,50.2,49.8,0.4,4.1,0
507,Herdier,65,80,65,35,65,60,normal, ,Intimidate | Sand Rush | Scrappy,50.2,49.8,0.9,14.7,0
508,Stoutland,85,110,90,45,90,80,normal, ,Intimidate | Sand Rush | Scrappy,50.2,49.8,1.2,61.0,0
509,Purrloin,41,50,37,50,37,66,dark, ,Limber | Unburden | Prankster,50.2,49.8,0.4,10.1,0
510,Liepard,64,88,50,88,50,106,dark, ,Limber | Unburden | Prankster,50.2,49.8,1.1,37.5,0
511,Pansage,50,53,48,53,48,64,grass, ,Gluttony | Overgrow,88.1,11.9,0.6,10.5,0
512,Simisage,75,98,63,98,63,101,grass, ,Gluttony | Overgrow,88.1,11.9,1.1,30.5,0
513,Pansear,50,53,48,53,48,64,fire, ,Gluttony | Blaze,88.1,11.9,0.6,11.0,0
514,Simisear,75,98,63,98,63,101,fire, ,Gluttony | Blaze,88.1,11.9,1.0,28.0,0
515,Panpour,50,53,48,53,48,64,water, ,Gluttony | Torrent,88.1,11.9,0.6,13.5,0
516,Simipour,75,98,63,98,63,101,water, ,Gluttony | Torrent,88.1,11.9,1.0,29.0,0
517,Munna,76,25,45,67,55,24,psychic, ,Forewarn | Synchronize | Telepathy,50.2,49.8,0.6,23.3,0
518,Musharna,116,55,85,107,95,29,psychic, ,Forewarn | Synchronize | Telepathy,50.2,49.8,1.1,60.5,0
519,Pidove,50,55,50,36,30,43,normal,flying,Big Pecks | Super Luck | Rivalry,50.2,49.8,0.3,2.1,0
520,Tranquill,62,77,62,50,42,65,normal,flying,Big Pecks | Super Luck | Rivalry,50.2,49.8,0.6,15.0,0
521,Unfezant,80,115,80,65,55,93,normal,flying,Big Pecks | Super Luck | Rivalry,50.2,49.8,1.2,29.0,0
522,Blitzle,45,60,32,50,32,76,electric, ,Lightning Rod | Motor Drive | Sap Sipper,50.0,50.0,0.8,29.8,0
523,Zebstrika,75,100,63,80,63,116,electric, ,Lightning Rod | Motor Drive | Sap Sipper,50.0,50.0,1.6,79.5,0
524,Roggenrola,55,75,85,25,25,15,rock, ,Sturdy | Weak Armor | Sand Force,50.2,49.8,0.4,18.0,0
525,Boldore,70,105,105,50,40,20,rock, ,Sturdy | Weak Armor | Sand Force,50.2,49.8,0.9,102.0,0
526,Gigalith,85,135,130,60,80,25,rock, ,Sturdy | Sand Stream | Sand Force,50.2,49.8,1.7,260.0,0
527,Woobat,65,45,43,55,43,72,psychic,flying,Unaware | Klutz | Simple,50.2,49.8,0.4,2.1,0
528,Swoobat,67,57,55,77,55,114,psychic,flying,Unaware | Klutz | Simple,50.2,49.8,0.9,10.5,0
529,Drilbur,60,85,40,30,45,68,ground, ,Sand Rush | Sand Force | Mold Breaker,50.0,50.0,0.3,8.5,0
530,Excadrill,110,135,60,50,65,88,ground,steel,Sand Rush | Sand Force | Mold Breaker,50.0,50.0,0.7,40.4,0
531,Audino,103,60,86,60,86,50,normal, ,Healer | Regenerator | Klutz,50.2,49.8,1.1,31.0,1
532,Timburr,75,80,55,25,35,35,fighting, ,Guts | Sheer Force | Iron Fist,75.0,25.0,0.6,12.5,0
533,Gurdurr,85,105,85,40,50,40,fighting, ,Guts | Sheer Force | Iron Fist,75.0,25.0,1.2,40.0,0
534,Conkeldurr,105,140,95,55,65,45,fighting, ,Guts | Sheer Force | Iron Fist,75.0,25.0,1.4,87.0,0
535,Tympole,50,50,40,50,40,64,water, ,Swift Swim | Hydration | Water Absorb,50.2,49.8,0.5,4.5,0
536,Palpitoad,75,65,55,65,55,69,water,ground,Swift Swim | Hydration | Water Absorb,50.2,49.8,0.8,17.0,0
537,Seismitoad,105,95,75,85,75,74,water,ground,Swift Swim | Poison Touch | Water Absorb,50.2,49.8,1.5,62.0,0
538,Throh,120,100,85,30,85,45,fighting, ,Guts | Inner Focus | Mold Breaker,100.0,0.0,1.3,55.5,0
539,Sawk,75,125,75,30,75,85,fighting, ,Sturdy | Inner Focus | Mold Breaker,100.0,0.0,1.4,51.0,0
540,Sewaddle,45,53,70,40,60,42,bug,grass,Swarm | Chlorophyll | Overcoat,50.0,50.0,0.3,2.5,0
541,Swadloon,55,63,90,50,80,42,bug,grass,Leaf Guard | Chlorophyll | Overcoat,50.0,50.0,0.5,7.3,0
542,Leavanny,75,103,80,70,80,92,bug,grass,Swarm | Chlorophyll | Overcoat,50.0,50.0,1.2,20.5,0
543,Venipede,30,45,59,30,39,57,bug,poison,Poison Point | Swarm | Speed Boost,50.2,49.8,0.4,5.3,0
544,Whirlipede,40,55,99,40,79,47,bug,poison,Poison Point | Swarm | Speed Boost,50.2,49.8,1.2,58.5,0
545,Scolipede,60,100,89,55,69,112,bug,poison,Poison Point | Swarm | Speed Boost,50.2,49.8,2.5,200.5,0
546,Cottonee,40,27,60,37,50,66,grass,fairy,Prankster | Infiltrator | Chlorophyll,50.0,50.0,0.3,0.6,0
547,Whimsicott,60,67,85,77,75,116,grass,fairy,Prankster | Infiltrator | Chlorophyll,50.0,50.0,0.7,6.6,0
548,Petilil,45,35,50,70,50,30,grass, ,Chlorophyll | Own Tempo | Leaf Guard,0.0,100.0,0.5,6.6,0
549,Lilligant,70,60,75,110,75,90,grass,fighting,Chlorophyll | Own Tempo | Leaf Guard | Hustle,0.0,100.0,1.1,16.3,0
550,Basculin,70,92,65,80,55,98,water, ,Reckless | Adaptability | Mold Breaker,50.0,50.0,1.0,18.0,0
551,Sandile,50,72,35,35,35,65,ground,dark,Intimidate | Moxie | Anger Point,50.0,50.0,0.7,15.2,0
552,Krokorok,60,82,45,45,45,74,ground,dark,Intimidate | Moxie | Anger Point,50.0,50.0,1.0,33.4,0
553,Krookodile,95,117,80,65,70,92,ground,dark,Intimidate | Moxie | Anger Point,50.0,50.0,1.5,96.3,0
554,Darumaka,70,90,45,15,45,50,fire, ,Hustle | Inner Focus,50.2,49.8,0.7,40.0,0
555,Darmanitan,105,140,55,30,55,95,fire, ,Sheer Force | Zen Mode | Gorilla Tactics,50.2,49.8,1.7,120.0,0
556,Maractus,75,86,67,106,67,60,grass, ,Water Absorb | Chlorophyll | Storm Drain,50.2,49.8,1.0,28.0,0
557,Dwebble,50,65,85,35,35,55,bug,rock,Sturdy | Shell Armor | Weak Armor,50.2,49.8,0.3,14.5,0
558,Crustle,70,105,125,65,75,45,bug,rock,Sturdy | Shell Armor | Weak Armor,50.2,49.8,1.4,200.0,0
559,Scraggy,50,75,70,35,70,48,dark,fighting,Shed Skin | Moxie | Intimidate,50.0,50.0,0.6,11.8,0
560,Scrafty,65,90,115,45,115,58,dark,fighting,Shed Skin | Moxie | Intimidate,50.0,50.0,1.1,30.0,0
561,Sigilyph,72,58,80,103,80,97,psychic,flying,Wonder Skin | Magic Guard | Tinted Lens,50.2,49.8,1.4,14.0,0
562,Yamask,38,30,85,55,65,30,ghost,ghost,Mummy | Wandering Spirit,50.2,49.8,0.5,1.5,0
563,Cofagrigus,58,50,145,95,105,30,ghost, ,Mummy,50.2,49.8,1.7,76.5,0
564,Tirtouga,54,78,103,53,45,22,water,rock,Solid Rock | Sturdy | Swift Swim,88.14,11.86,0.7,16.5,0
565,Carracosta,74,108,133,83,65,32,water,rock,Solid Rock | Sturdy | Swift Swim,88.14,11.86,1.2,81.0,0
566,Archen,55,112,45,74,45,70,rock,flying,Defeatist,88.14,11.86,0.5,9.5,0
567,Archeops,75,140,65,112,65,110,rock,flying,Defeatist,88.14,11.86,1.4,32.0,0
568,Trubbish,50,50,62,40,62,65,poison, ,Stench | Sticky Hold | Aftermath,50.2,49.8,0.6,31.0,0
569,Garbodor,80,95,82,60,82,75,poison, ,Stench | Weak Armor | Aftermath,50.2,49.8,1.9,107.3,0
570,Zorua,40,65,40,80,40,65,dark,ghost,Illusion,88.0,12.0,0.7,12.5,0
571,Zoroark,60,105,60,120,60,105,dark,ghost,Illusion,88.0,12.0,1.6,81.1,0
572,Minccino,55,50,40,40,40,75,normal, ,Cute Charm | Technician | Skill Link,25.0,75.0,0.4,5.8,0
573,Cinccino,75,95,60,65,60,115,normal, ,Cute Charm | Technician | Skill Link,25.0,75.0,0.5,7.5,0
574,Gothita,45,30,50,55,65,45,psychic, ,Frisk | Competitive | Shadow Tag,25.0,75.0,0.4,5.8,0
575,Gothorita,60,45,70,75,85,55,psychic, ,Frisk | Competitive | Shadow Tag,25.0,75.0,0.7,18.0,0
576,Gothitelle,70,55,95,95,110,65,psychic, ,Frisk | Competitive | Shadow Tag,25.0,75.0,1.5,44.0,0
577,Solosis,45,30,40,105,50,20,psychic, ,Overcoat | Magic Guard | Regenerator,50.0,50.0,0.3,1.0,0
578,Duosion,65,40,50,125,60,30,psychic, ,Overcoat | Magic Guard | Regenerator,50.0,50.0,0.6,8.0,0
579,Reuniclus,110,65,75,125,85,30,psychic, ,Overcoat | Magic Guard | Regenerator,50.0,50.0,1.0,20.1,0
580,Ducklett,62,44,50,44,50,55,water,flying,Keen Eye | Big Pecks | Hydration,50.0,50.0,0.5,5.5,0
581,Swanna,75,87,63,87,63,98,water,flying,Keen Eye | Big Pecks | Hydration,50.0,50.0,1.3,24.2,0
582,Vanillite,36,50,50,65,60,44,ice, ,Ice Body | Snow Cloak | Weak Armor,50.2,49.8,0.4,5.7,0
583,Vanillish,51,65,65,80,75,59,ice, ,Ice Body | Snow Cloak | Weak Armor,50.2,49.8,1.1,41.0,0
584,Vanilluxe,71,95,85,110,95,79,ice, ,Ice Body | Snow Warning | Weak Armor,50.2,49.8,1.3,57.5,0
585,Deerling,60,60,50,40,50,75,normal,grass,Chlorophyll | Sap Sipper | Serene Grace,50.0,50.0,0.6,19.5,0
586,Sawsbuck,80,100,70,60,70,95,normal,grass,Chlorophyll | Sap Sipper | Serene Grace,50.0,50.0,1.9,92.5,0
587,Emolga,55,75,60,75,60,103,electric,flying,Static | Motor Drive,50.2,49.8,0.4,5.0,0
588,Karrablast,50,75,45,40,45,60,bug, ,Swarm | Shed Skin | No Guard,50.2,49.8,0.5,5.9,0
589,Escavalier,70,135,105,60,105,20,bug,steel,Swarm | Shell Armor | Overcoat,50.2,49.8,1.0,33.0,0
590,Foongus,69,55,45,55,55,15,grass,poison,Effect Spore | Regenerator,50.0,50.0,0.2,1.0,0
591,Amoonguss,114,85,70,85,80,30,grass,poison,Effect Spore | Regenerator,50.0,50.0,0.6,10.5,0
592,Frillish,55,40,50,65,85,40,water,ghost,Water Absorb | Cursed Body | Damp,50.2,49.8,1.2,33.0,0
593,Jellicent,100,60,70,85,105,60,water,ghost,Water Absorb | Cursed Body | Damp,50.2,49.8,2.2,135.0,0
594,Alomomola,165,75,80,40,45,65,water, ,Healer | Hydration | Regenerator,50.0,50.0,1.2,31.6,0
595,Joltik,50,47,50,57,50,65,bug,electric,Compound Eyes | Unnerve | Swarm,50.0,50.0,0.1,0.6,0
596,Galvantula,70,77,60,97,60,108,bug,electric,Compound Eyes | Unnerve | Swarm,50.0,50.0,0.8,14.3,0
597,Ferroseed,44,50,91,24,86,10,grass,steel,Iron Barbs,50.2,49.8,0.6,18.8,0
598,Ferrothorn,74,94,131,54,116,20,grass,steel,Iron Barbs | Anticipation,50.2,49.8,1.0,110.0,0
599,Klink,40,55,70,45,60,30,steel, ,Plus | Minus | Clear Body,0.0,0.0,0.3,21.0,0
600,Klang,60,80,95,70,85,50,steel, ,Plus | Minus | Clear Body,0.0,0.0,0.6,51.0,0
601,Klinklang,60,100,115,70,85,90,steel, ,Plus | Minus | Clear Body,0.0,0.0,0.6,81.0,0
602,Tynamo,35,55,40,45,40,60,electric, ,Levitate,50.0,50.0,0.2,0.3,0
603,Eelektrik,65,85,70,75,70,40,electric, ,Levitate,50.0,50.0,1.2,22.0,0
604,Eelektross,85,115,80,105,80,50,electric, ,Levitate,50.0,50.0,2.1,80.5,0
605,Elgyem,55,55,55,85,55,30,psychic, ,Telepathy | Synchronize | Analytic,50.2,49.8,0.5,9.0,0
606,Beheeyem,75,75,75,125,95,40,psychic, ,Telepathy | Synchronize | Analytic,50.2,49.8,1.0,34.5,0
607,Litwick,50,30,55,65,55,20,ghost,fire,Flash Fire | Flame Body | Infiltrator,50.0,50.0,0.3,3.1,0
608,Lampent,60,40,60,95,60,55,ghost,fire,Flash Fire | Flame Body | Infiltrator,50.0,50.0,0.6,13.0,0
609,Chandelure,60,55,90,145,90,80,ghost,fire,Flash Fire | Flame Body | Infiltrator,50.0,50.0,1.0,34.3,0
610,Axew,46,87,60,30,40,57,dragon, ,Rivalry | Mold Breaker | Unnerve,50.0,50.0,0.6,18.0,0
611,Fraxure,66,117,70,40,50,67,dragon, ,Rivalry | Mold Breaker | Unnerve,50.0,50.0,1.0,36.0,0
612,Haxorus,76,147,90,60,70,97,dragon, ,Rivalry | Mold Breaker | Unnerve,50.0,50.0,1.8,105.5,0
613,Cubchoo,55,70,40,60,40,40,ice, ,Snow Cloak | Slush Rush | Rattled,50.0,50.0,0.5,8.5,0
614,Beartic,95,130,80,70,80,50,ice, ,Snow Cloak | Slush Rush | Swift Swim,50.0,50.0,2.6,260.0,0
615,Cryogonal,80,50,50,95,135,105,ice, ,Levitate,0.0,0.0,1.1,148.0,0
616,Shelmet,50,40,85,40,65,25,bug, ,Hydration | Shell Armor | Overcoat,50.2,49.8,0.4,7.7,0
617,Accelgor,80,70,40,100,60,145,bug, ,Hydration | Sticky Hold | Unburden,50.2,49.8,0.8,25.3,0
618,Stunfisk,109,66,84,81,99,32,ground,electric,Static | Limber | Sand Veil | Mimicry,50.2,49.8,0.7,20.5,0
619,Mienfoo,45,85,50,55,50,65,fighting, ,Inner Focus | Regenerator | Reckless,50.0,50.0,0.9,20.0,0
620,Mienshao,65,125,60,95,60,105,fighting, ,Inner Focus | Regenerator | Reckless,50.0,50.0,1.4,35.5,0
621,Druddigon,77,120,90,60,90,48,dragon, ,Rough Skin | Sheer Force | Mold Breaker,50.2,49.8,1.6,139.0,0
622,Golett,59,74,50,35,50,35,ground,ghost,Iron Fist | Klutz | No Guard,0.0,0.0,1.0,92.0,0
623,Golurk,89,124,80,55,80,55,ground,ghost,Iron Fist | Klutz | No Guard,0.0,0.0,2.8,330.0,0
624,Pawniard,45,85,70,40,40,60,dark,steel,Defiant | Inner Focus | Pressure,50.0,50.0,0.5,10.2,0
625,Bisharp,65,125,100,60,70,70,dark,steel,Defiant | Inner Focus | Pressure,50.0,50.0,1.6,70.0,0
626,Bouffalant,95,110,95,40,95,55,normal, ,Reckless | Sap Sipper | Soundproof,50.2,49.8,1.6,94.6,0
627,Rufflet,70,83,50,37,50,60,normal,flying,Keen Eye | Sheer Force | Hustle,100.0,0.0,0.5,10.5,0
628,Braviary,100,123,75,57,75,80,normal,flying,Keen Eye | Sheer Force | Defiant | Tinted Lens,100.0,0.0,1.5,41.0,0
629,Vullaby,70,55,75,45,65,60,dark,flying,Big Pecks | Overcoat | Weak Armor,0.0,100.0,0.5,9.0,0
630,Mandibuzz,110,65,105,55,95,80,dark,flying,Big Pecks | Overcoat | Weak Armor,0.0,100.0,1.2,39.5,0
631,Heatmor,85,97,66,105,66,65,fire, ,Gluttony | Flash Fire | White Smoke,50.2,49.8,1.4,58.0,0
632,Durant,58,109,112,48,48,109,bug,steel,Swarm | Hustle | Truant,50.2,49.8,0.3,33.0,0
633,Deino,52,65,50,45,50,38,dark,dragon,Hustle,50.0,50.0,0.8,17.3,0
634,Zweilous,72,85,70,65,70,58,dark,dragon,Hustle,50.0,50.0,1.4,50.0,0
635,Hydreigon,92,105,90,125,90,98,dark,dragon,Levitate,50.0,50.0,1.8,160.0,0
636,Larvesta,55,85,55,50,55,60,bug,fire,Flame Body | Swarm,50.0,50.0,1.1,28.8,0
637,Volcarona,85,60,65,135,105,100,bug,fire,Flame Body | Swarm,50.0,50.0,1.6,46.0,0
638,Cobalion,91,90,129,90,72,108,steel,fighting,Justified,0.0,0.0,2.1,250.0,0
639,Terrakion,91,129,90,72,90,108,rock,fighting,Justified,0.0,0.0,1.9,260.0,0
640,Virizion,91,90,72,90,129,108,grass,fighting,Justified,0.0,0.0,2.0,200.0,0
641,Tornadus,79,115,70,125,80,111,flying, ,Prankster | Defiant,100.0,0.0,1.5,63.0,0
642,Thundurus,79,115,70,125,80,111,electric,flying,Prankster | Defiant,100.0,0.0,1.5,61.0,0
643,Reshiram,100,120,100,150,120,90,dragon,fire,Turboblaze,0.0,0.0,3.2,330.0,0
644,Zekrom,100,150,120,120,100,90,dragon,electric,Teravolt,0.0,0.0,2.9,345.0,0
645,Landorus,89,125,90,115,80,101,ground,flying,Sand Force | Sheer Force,100.0,0.0,1.5,68.0,0
646,Kyurem,125,130,90,130,90,95,dragon,ice,Pressure,0.0,0.0,3.0,325.0,0
647,Keldeo,91,72,90,129,90,108,water,fighting,Justified,0.0,0.0,1.4,48.5,0
648,Meloetta,100,77,77,128,128,90,normal,psychic,Serene Grace,0.0,0.0,0.6,6.5,0
649,Genesect,71,120,95,120,95,99,bug,steel,Download,0.0,0.0,1.5,82.5,0
650,Chespin,56,61,65,48,45,38,grass, ,Overgrow | Bulletproof,88.0,12.0,0.4,9.0,0
651,Quilladin,61,78,95,56,58,57,grass, ,Overgrow | Bulletproof,88.0,12.0,0.7,29.0,0
652,Chesnaught,88,107,122,74,75,64,grass,fighting,Overgrow | Bulletproof,88.0,12.0,1.6,90.0,0
653,Fennekin,40,45,40,62,60,60,fire, ,Blaze | Magician,88.0,12.0,0.4,9.4,0
654,Braixen,59,59,58,90,70,73,fire, ,Blaze | Magician,88.0,12.0,1.0,14.5,0
655,Delphox,75,69,72,114,100,104,fire,psychic,Blaze | Magician,88.0,12.0,1.5,39.0,0
656,Froakie,41,56,40,62,44,71,water, ,Torrent | Protean,88.0,12.0,0.3,7.0,0
657,Frogadier,54,63,52,83,56,97,water, ,Torrent | Protean,88.0,12.0,0.6,10.9,0
658,Greninja,72,95,67,103,71,122,water,dark,Torrent | Protean,88.0,12.0,1.5,40.0,0
659,Bunnelby,38,36,38,32,36,57,normal, ,Pickup | Cheek Pouch | Huge Power,50.2,49.8,0.4,5.0,0
660,Diggersby,85,56,77,50,77,78,normal,ground,Pickup | Cheek Pouch | Huge Power,50.2,49.8,1.0,42.4,0
661,Fletchling,45,50,43,40,38,62,normal,flying,Big Pecks | Gale Wings,50.0,50.0,0.3,1.7,0
662,Fletchinder,62,73,55,56,52,84,fire,flying,Flame Body | Gale Wings,50.0,50.0,0.7,16.0,0
663,Talonflame,78,81,71,74,69,126,fire,flying,Flame Body | Gale Wings,50.0,50.0,1.2,24.5,0
664,Scatterbug,38,35,40,27,25,35,bug, ,Shield Dust | Compound Eyes | Friend Guard,50.0,50.0,0.3,2.5,0
665,Spewpa,45,22,60,27,30,29,bug, ,Shed Skin | Friend Guard,50.0,50.0,0.3,8.4,0
666,Vivillon,80,52,50,90,50,89,bug,flying,Shield Dust | Compound Eyes | Friend Guard,50.0,50.0,1.2,17.0,0
667,Litleo,62,50,58,73,54,72,fire,normal,Rivalry | Unnerve | Moxie,11.0,89.0,0.6,13.5,0
668,Pyroar,86,68,72,109,66,106,fire,normal,Rivalry | Unnerve | Moxie,11.0,89.0,1.5,81.5,0
669,Flabébé,44,38,39,61,79,42,fairy, ,Flower Veil | Symbiosis,0.0,0.0,0.1,0.1,0
670,Floette,54,45,47,75,98,52,fairy, ,Flower Veil | Symbiosis,0.0,100.0,0.2,0.9,0
671,Florges,78,65,68,112,154,75,fairy, ,Flower Veil | Symbiosis,0.0,100.0,1.1,10.0,0
672,Skiddo,66,65,48,62,57,52,grass, ,Sap Sipper | Grass Pelt,50.0,50.0,0.9,31.0,0
673,Gogoat,123,100,62,97,81,68,grass, ,Sap Sipper | Grass Pelt,50.0,50.0,1.7,91.0,0
674,Pancham,67,82,62,46,48,43,fighting, ,Iron Fist | Mold Breaker | Scrappy,50.2,49.8,0.6,8.0,0
675,Pangoro,95,124,78,69,71,58,fighting,dark,Iron Fist | Mold Breaker | Scrappy,50.2,49.8,2.1,136.0,0
676,Furfrou,75,80,60,65,90,102,normal, ,Fur Coat,50.0,50.0,1.2,28.0,0
677,Espurr,62,48,54,63,60,68,psychic, ,Keen Eye | Infiltrator | Own Tempo,50.0,50.0,0.3,3.5,0
678,Meowstic,74,48,76,83,81,104,psychic, ,Keen Eye | Infiltrator | Prankster,50.0,50.0,0.6,8.5,0
679,Honedge,45,80,100,35,37,28,steel,ghost,No Guard,50.2,49.8,0.8,2.0,0
680,Doublade,59,110,150,45,49,35,steel,ghost,No Guard,50.2,49.8,0.8,4.5,0
681,Aegislash,60,50,140,50,140,60,steel,ghost,Stance Change,50.2,49.8,1.7,53.0,0
682,Spritzee,78,52,60,63,65,23,fairy, ,Healer | Aroma Veil,50.2,49.8,0.2,0.5,0
683,Aromatisse,101,72,72,99,89,29,fairy, ,Healer | Aroma Veil,50.2,49.8,0.8,15.5,0
684,Swirlix,62,48,66,59,57,49,fairy, ,Sweet Veil | Unburden,50.2,49.8,0.4,3.5,0
685,Slurpuff,82,80,86,85,75,72,fairy, ,Sweet Veil | Unburden,50.2,49.8,0.8,5.0,0
686,Inkay,53,54,53,37,46,45,dark,psychic,Contrary | Suction Cups | Infiltrator,50.0,50.0,0.4,3.5,0
687,Malamar,86,92,88,68,75,73,dark,psychic,Contrary | Suction Cups | Infiltrator,50.0,50.0,1.5,47.0,0
688,Binacle,42,52,67,39,56,50,rock,water,Tough Claws | Sniper | Pickpocket,50.2,49.8,0.5,31.0,0
689,Barbaracle,72,105,115,54,86,68,rock,water,Tough Claws | Sniper | Pickpocket,50.2,49.8,1.3,96.0,0
690,Skrelp,50,60,60,60,60,30,poison,water,Poison Point | Poison Touch | Adaptability,50.0,50.0,0.5,7.3,0
691,Dragalge,65,75,90,97,123,44,poison,dragon,Poison Point | Poison Touch | Adaptability,50.0,50.0,1.8,81.5,0
692,Clauncher,50,53,62,58,63,44,water, ,Mega Launcher,50.0,50.0,0.5,8.3,0
693,Clawitzer,71,73,88,120,89,59,water, ,Mega Launcher,50.0,50.0,1.3,35.3,0
694,Helioptile,44,38,33,61,43,70,electric,normal,Dry Skin | Sand Veil | Solar Power,50.2,49.8,0.5,6.0,0
695,Heliolisk,62,55,52,109,94,109,electric,normal,Dry Skin | Sand Veil | Solar Power,50.2,49.8,1.0,21.0,0
696,Tyrunt,58,89,77,45,45,48,rock,dragon,Strong Jaw | Sturdy,88.14,11.86,0.8,26.0,0
697,Tyrantrum,82,121,119,69,59,71,rock,dragon,Strong Jaw | Rock Head,88.14,11.86,2.5,270.0,0
698,Amaura,77,59,50,67,63,46,rock,ice,Refrigerate | Snow Warning,88.14,11.86,1.3,25.2,0
699,Aurorus,123,77,72,99,92,58,rock,ice,Refrigerate | Snow Warning,88.14,11.86,2.7,225.0,0
700,Sylveon,95,65,65,110,130,60,fairy, ,Cute Charm | Pixilate,88.0,12.0,1.0,23.5,0
701,Hawlucha,78,92,75,74,63,118,fighting,flying,Limber | Unburden | Mold Breaker,50.0,50.0,0.8,21.5,0
702,Dedenne,67,58,57,81,67,101,electric,fairy,Cheek Pouch | Pickup | Plus,50.0,50.0,0.2,2.2,0
703,Carbink,50,50,150,50,150,50,rock,fairy,Clear Body | Sturdy,0.0,0.0,0.3,5.7,0
704,Goomy,45,50,35,55,75,40,dragon, ,Sap Sipper | Hydration | Gooey,50.0,50.0,0.3,2.8,0
705,Sliggoo,68,75,53,83,113,60,dragon,dragon,Sap Sipper | Hydration | Gooey | Shell Armor,50.0,50.0,0.8,17.5,0
706,Goodra,90,100,70,110,150,80,dragon,dragon,Sap Sipper | Hydration | Gooey | Shell Armor,50.0,50.0,2.0,150.5,0
707,Klefki,57,80,91,80,87,75,steel,fairy,Prankster | Magician,50.0,50.0,0.2,3.0,0
708,Phantump,43,70,48,50,60,38,ghost,grass,Natural Cure | Frisk | Harvest,50.0,50.0,0.4,7.0,0
709,Trevenant,85,110,76,65,82,56,ghost,grass,Natural Cure | Frisk | Harvest,50.0,50.0,1.5,71.0,0
710,Pumpkaboo,49,66,70,44,55,51,ghost,grass,Pickup | Frisk | Insomnia,50.2,49.8,0.4,5.0,0
711,Gourgeist,65,90,122,58,75,84,ghost,grass,Pickup | Frisk | Insomnia,50.2,49.8,0.9,12.5,0
712,Bergmite,55,69,85,32,35,28,ice, ,Own Tempo | Ice Body | Sturdy,50.0,50.0,1.0,99.5,0
713,Avalugg,95,117,184,44,46,28,ice,rock,Own Tempo | Ice Body | Sturdy | Strong Jaw,50.0,50.0,2.0,505.0,0
714,Noibat,40,30,35,45,40,55,flying,dragon,Frisk | Infiltrator | Telepathy,50.0,50.0,0.5,8.0,0
715,Noivern,85,70,80,97,80,123,flying,dragon,Frisk | Infiltrator | Telepathy,50.0,50.0,1.5,85.0,0
716,Xerneas,126,131,95,131,98,99,fairy, ,Fairy Aura,0.0,0.0,3.0,215.0,0
717,Yveltal,126,131,95,131,98,99,dark,flying,Dark Aura,0.0,0.0,5.8,203.0,0
718,Zygarde,108,100,121,81,95,95,dragon,ground,Aura Break,0.0,0.0,5.0,305.0,0
719,Diancie,50,100,150,100,150,50,rock,fairy,Clear Body,0.0,0.0,0.7,8.8,1
720,Hoopa,80,110,60,150,130,70,psychic,ghost,Magician,0.0,0.0,6.5,490.0,0
721,Volcanion,80,110,120,130,90,70,fire,water,Water Absorb,0.0,0.0,1.7,195.0,0
722,Rowlet,68,55,55,50,50,42,grass,flying,Overgrow | Long Reach,88.0,12.0,0.3,1.5,0
723,Dartrix,78,75,75,70,70,52,grass,flying,Overgrow | Long Reach,88.0,12.0,0.7,16.0,0
724,Decidueye,78,107,75,100,100,70,grass,ghost,Overgrow | Long Reach | Scrappy,88.0,12.0,1.6,36.6,0
725,Litten,45,65,40,60,40,70,fire, ,Blaze | Intimidate,88.0,12.0,0.4,4.3,0
726,Torracat,65,85,50,80,50,90,fire, ,Blaze | Intimidate,88.0,12.0,0.7,25.0,0
727,Incineroar,95,115,90,80,90,60,fire,dark,Blaze | Intimidate,88.0,12.0,1.8,83.0,0
728,Popplio,50,54,54,66,56,40,water, ,Torrent | Liquid Voice,88.0,12.0,0.4,7.5,0
729,Brionne,60,69,69,91,81,50,water, ,Torrent | Liquid Voice,88.0,12.0,0.6,17.5,0
730,Primarina,80,74,74,126,116,60,water,fairy,Torrent | Liquid Voice,88.0,12.0,1.8,44.0,0
731,Pikipek,35,75,30,30,30,65,normal,flying,Keen Eye | Skill Link | Pickup,50.0,50.0,0.3,1.2,0
732,Trumbeak,55,85,50,40,50,75,normal,flying,Keen Eye | Skill Link | Pickup,50.0,50.0,0.6,14.8,0
733,Toucannon,80,120,75,75,75,60,normal,flying,Keen Eye | Skill Link | Sheer Force,50.0,50.0,1.1,26.0,0
734,Yungoos,48,70,30,30,30,45,normal, ,Stakeout | Strong Jaw | Adaptability,50.0,50.0,0.4,6.0,0
735,Gumshoos,88,110,60,55,60,45,normal, ,Stakeout | Strong Jaw | Adaptability,50.0,50.0,0.7,14.2,0
736,Grubbin,47,62,45,55,45,46,bug, ,Swarm,50.0,50.0,0.4,4.4,0
737,Charjabug,57,82,95,55,75,36,bug,electric,Battery,50.0,50.0,0.5,10.5,0
738,Vikavolt,77,70,90,145,75,43,bug,electric,Levitate,50.0,50.0,1.5,45.0,0
739,Crabrawler,47,82,57,42,47,63,fighting, ,Hyper Cutter | Iron Fist | Anger Point,50.0,50.0,0.6,7.0,0
740,Crabominable,97,132,77,62,67,43,fighting,ice,Hyper Cutter | Iron Fist | Anger Point,50.0,50.0,1.7,180.0,0
741,Oricorio,75,70,70,98,70,93,fire,flying,Dancer,25.0,75.0,0.6,3.4,0
742,Cutiefly,40,45,40,55,40,84,bug,fairy,Honey Gather | Shield Dust | Sweet Veil,50.0,50.0,0.1,0.2,0
743,Ribombee,60,55,60,95,70,124,bug,fairy,Honey Gather | Shield Dust | Sweet Veil,50.0,50.0,0.2,0.5,0
744,Rockruff,45,65,40,30,40,60,rock, ,Keen Eye | Vital Spirit | Steadfast,50.0,50.0,0.5,9.2,0
745,Lycanroc,75,115,65,55,65,112,rock, ,Keen Eye | Sand Rush | Steadfast,50.0,50.0,0.8,25.0,0
746,Wishiwashi,45,20,20,25,25,40,water, ,Schooling,50.2,49.8,0.8,25.0,0
747,Mareanie,50,53,62,43,52,45,poison,water,Merciless | Limber | Regenerator,50.0,50.0,0.4,8.0,0
748,Toxapex,50,63,152,53,142,35,poison,water,Merciless | Limber | Regenerator,50.0,50.0,0.7,14.5,0
749,Mudbray,70,100,70,45,55,45,ground, ,Own Tempo | Stamina | Inner Focus,50.0,50.0,1.0,110.0,0
750,Mudsdale,100,125,100,55,85,35,ground, ,Own Tempo | Stamina | Inner Focus,50.0,50.0,2.5,920.0,0
751,Dewpider,38,40,52,40,72,27,water,bug,Water Bubble | Water Absorb,50.0,50.0,0.3,4.0,0
752,Araquanid,68,70,92,50,132,42,water,bug,Water Bubble | Water Absorb,50.0,50.0,1.8,82.0,0
753,Fomantis,40,55,35,50,35,35,grass, ,Leaf Guard | Contrary,50.0,50.0,0.3,1.5,0
754,Lurantis,70,105,90,80,90,45,grass, ,Leaf Guard | Contrary,50.0,50.0,0.9,18.5,0
755,Morelull,40,35,55,65,75,15,grass,fairy,Illuminate | Effect Spore | Rain Dish,50.2,49.8,0.2,1.5,0
756,Shiinotic,60,45,80,90,100,30,grass,fairy,Illuminate | Effect Spore | Rain Dish,50.2,49.8,1.0,11.5,0
757,Salandit,48,44,40,71,40,77,poison,fire,Corrosion | Oblivious,88.0,12.0,0.6,4.8,0
758,Salazzle,68,64,60,111,60,117,poison,fire,Corrosion | Oblivious,0.0,100.0,1.2,22.2,0
759,Stufful,70,75,50,45,50,50,normal,fighting,Fluffy | Klutz | Cute Charm,50.2,49.8,0.5,6.8,0
760,Bewear,120,125,80,55,60,60,normal,fighting,Fluffy | Klutz | Unnerve,50.2,49.8,2.1,135.0,0
761,Bounsweet,42,30,38,30,38,32,grass, ,Leaf Guard | Oblivious | Sweet Veil,0.0,100.0,0.3,3.2,0
762,Steenee,52,40,48,40,48,62,grass, ,Leaf Guard | Oblivious | Sweet Veil,0.0,100.0,0.7,8.2,0
763,Tsareena,72,120,98,50,98,72,grass, ,Leaf Guard | Queenly Majesty | Sweet Veil,0.0,100.0,1.2,21.4,0
764,Comfey,51,52,90,82,110,100,fairy, ,Flower Veil | Triage | Natural Cure,25.0,75.0,0.1,0.3,0
765,Oranguru,90,60,80,90,110,60,normal,psychic,Inner Focus | Telepathy | Symbiosis,50.0,50.0,1.5,76.0,0
766,Passimian,100,120,90,40,60,80,fighting, ,Receiver | Defiant,50.0,50.0,2.0,82.8,0
767,Wimpod,25,35,40,20,30,80,bug,water,Wimp Out,50.2,49.8,0.5,12.0,0
768,Golisopod,75,125,140,60,90,40,bug,water,Emergency Exit,50.2,49.8,2.0,108.0,0
769,Sandygast,55,55,80,70,45,15,ghost,ground,Water Compaction | Sand Veil,50.0,50.0,0.5,70.0,0
770,Palossand,85,75,110,100,75,35,ghost,ground,Water Compaction | Sand Veil,50.0,50.0,1.3,250.0,0
771,Pyukumuku,55,60,130,30,130,5,water, ,Innards Out | Unaware,50.2,49.8,0.3,1.2,0
772,Type: Null,95,95,95,95,95,59,normal, ,Battle Armor,0.0,0.0,1.9,120.5,0
773,Silvally,95,95,95,95,95,95,normal, ,RKS System,0.0,0.0,2.3,100.5,0
774,Minior,60,60,100,60,100,60,rock,flying,Shields Down,0.0,0.0,0.3,40.0,0
775,Komala,65,115,65,75,95,65,normal, ,Comatose,50.0,50.0,0.4,19.9,0
776,Turtonator,60,78,135,91,85,36,fire,dragon,Shell Armor,50.2,49.8,2.0,212.0,0
777,Togedemaru,65,98,63,40,73,96,electric,steel,Iron Barbs | Lightning Rod | Sturdy,50.2,49.8,0.3,3.3,0
778,Mimikyu,55,90,80,50,105,96,ghost,fairy,Disguise,50.0,50.0,0.2,0.7,0
779,Bruxish,68,105,70,70,70,92,water,psychic,Dazzling | Strong Jaw | Wonder Skin,50.0,50.0,0.9,19.0,0
780,Drampa,78,60,85,135,91,36,normal,dragon,Berserk | Sap Sipper | Cloud Nine,50.2,49.8,3.0,185.0,0
781,Dhelmise,70,131,100,86,90,40,ghost,grass,Steelworker,0.0,0.0,3.9,210.0,0
782,Jangmo-o,45,55,65,45,45,45,dragon, ,Bulletproof | Soundproof | Overcoat,50.0,50.0,0.6,29.7,0
783,Hakamo-o,55,75,90,65,70,65,dragon,fighting,Bulletproof | Soundproof | Overcoat,50.0,50.0,1.2,47.0,0
784,Kommo-o,75,110,125,100,105,85,dragon,fighting,Bulletproof | Soundproof | Overcoat,50.0,50.0,1.6,78.2,0
785,Tapu Koko,70,115,85,95,75,130,electric,fairy,Electric Surge | Telepathy,0.0,0.0,1.8,20.5,0
786,Tapu Lele,70,85,75,130,115,95,psychic,fairy,Psychic Surge | Telepathy,0.0,0.0,1.2,18.6,0
787,Tapu Bulu,70,130,115,85,95,75,grass,fairy,Grassy Surge | Telepathy,0.0,0.0,1.9,45.5,0
788,Tapu Fini,70,75,115,95,130,85,water,fairy,Misty Surge | Telepathy,0.0,0.0,1.3,21.2,0
789,Cosmog,43,29,31,29,31,37,psychic, ,Unaware,0.0,0.0,0.2,0.1,0
790,Cosmoem,43,29,131,29,131,37,psychic, ,Sturdy,0.0,0.0,0.1,999.9,0
791,Solgaleo,137,137,107,113,89,97,psychic,steel,Full Metal Body,0.0,0.0,3.4,230.0,0
792,Lunala,137,113,89,137,107,97,psychic,ghost,Shadow Shield,0.0,0.0,4.0,120.0,0
793,Nihilego,109,53,47,127,131,103,rock,poison,Beast Boost,0.0,0.0,1.2,55.5,0
794,Buzzwole,107,139,139,53,53,79,bug,fighting,Beast Boost,0.0,0.0,2.4,333.6,0
795,Pheromosa,71,137,37,137,37,151,bug,fighting,Beast Boost,0.0,0.0,1.8,25.0,0
796,Xurkitree,83,89,71,173,71,83,electric, ,Beast Boost,0.0,0.0,3.8,100.0,0
797,Celesteela,97,101,103,107,101,61,steel,flying,Beast Boost,0.0,0.0,9.2,999.9,0
798,Kartana,59,181,131,59,31,109,grass,steel,Beast Boost,0.0,0.0,0.3,0.1,0
799,Guzzlord,223,101,53,97,53,43,dark,dragon,Beast Boost,0.0,0.0,5.5,888.0,0
800,Necrozma,97,107,101,127,89,79,psychic, ,Prism Armor,0.0,0.0,2.3,350.0,0
801,Magearna,80,95,115,130,115,65,steel,fairy,Soul-Heart,0.0,0.0,1.0,80.5,0
802,Marshadow,90,125,80,90,90,125,fighting,ghost,Technician,0.0,0.0,0.7,22.2,0
803,Poipole,67,73,67,73,67,73,poison, ,Beast Boost,0.0,0.0,0.6,1.8,0
804,Naganadel,73,73,73,127,73,121,poison,dragon,Beast Boost,0.0,0.0,3.6,150.0,0
805,Stakataka,61,131,211,53,101,13,rock,steel,Beast Boost,0.0,0.0,5.5,820.0,0
806,Blacephalon,53,127,53,151,79,107,fire,ghost,Beast Boost,0.0,0.0,1.8,13.0,0
807,Zeraora,88,112,75,102,80,143,electric, ,Volt Absorb,0.0,0.0,1.5,44.5,0
808,Meltan,46,65,65,55,35,34,steel, ,Magnet Pull,0.0,0.0,0.2,8.0,0
809,Melmetal,135,143,143,80,65,34,steel, ,Iron Fist,0.0,0.0,2.5,800.0,0
810,Grookey,50,65,50,40,40,65,grass, ,Overgrow | Grassy Surge,88.0,12.0,0.3,5.0,0
811,Thwackey,70,85,70,55,60,80,grass, ,Overgrow | Grassy Surge,88.0,12.0,0.7,14.0,0
812,Rillaboom,100,125,90,60,70,85,grass, ,Overgrow | Grassy Surge,88.0,12.0,2.1,90.0,0
813,Scorbunny,50,71,40,40,40,69,fire, ,Blaze | Libero,88.0,12.0,0.3,4.5,0
814,Raboot,65,86,60,55,60,94,fire, ,Blaze | Libero,88.0,12.0,0.6,9.0,0
815,Cinderace,80,116,75,65,75,119,fire, ,Blaze | Libero,88.0,12.0,1.4,33.0,0
816,Sobble,50,40,40,70,40,70,water, ,Torrent | Sniper,88.0,12.0,0.3,4.0,0
817,Drizzile,65,60,55,95,55,90,water, ,Torrent | Sniper,88.0,12.0,0.7,11.5,0
818,Inteleon,70,85,65,125,65,120,water, ,Torrent | Sniper,88.0,12.0,1.9,45.2,0
819,Skwovet,70,55,55,35,35,25,normal, ,Cheek Pouch | Gluttony,50.0,50.0,0.3,2.5,0
820,Greedent,120,95,95,55,75,20,normal, ,Cheek Pouch | Gluttony,50.0,50.0,0.6,6.0,0
821,Rookidee,38,47,35,33,35,57,flying, ,Keen Eye | Unnerve | Big Pecks,50.0,50.0,0.2,1.8,0
822,Corvisquire,68,67,55,43,55,77,flying, ,Keen Eye | Unnerve | Big Pecks,50.0,50.0,0.8,16.0,0
823,Corviknight,98,87,105,53,85,67,flying,steel,Pressure | Unnerve | Mirror Armor,50.0,50.0,2.2,75.0,0
824,Blipbug,25,20,20,25,45,45,bug, ,Swarm | Compound Eyes | Telepathy,50.2,49.8,0.4,8.0,0
825,Dottler,50,35,80,50,90,30,bug,psychic,Swarm | Compound Eyes | Telepathy,50.2,49.8,0.4,19.5,0
826,Orbeetle,60,45,110,80,120,90,bug,psychic,Swarm | Frisk | Telepathy,50.2,49.8,0.4,40.8,0
827,Nickit,40,28,28,47,52,50,dark, ,Run Away | Unburden | Stakeout,50.2,49.8,0.6,8.9,0
828,Thievul,70,58,58,87,92,90,dark, ,Run Away | Unburden | Stakeout,50.2,49.8,1.2,19.9,0
829,Gossifleur,40,40,60,40,60,10,grass, ,Cotton Down | Regenerator | Effect Spore,50.2,49.8,0.4,2.2,0
830,Eldegoss,60,50,90,80,120,60,grass, ,Cotton Down | Regenerator | Effect Spore,50.2,49.8,0.5,2.5,0
831,Wooloo,42,40,55,40,45,48,normal, ,Fluffy | Run Away | Bulletproof,50.2,49.8,0.6,6.0,0
832,Dubwool,72,80,100,60,90,88,normal, ,Fluffy | Steadfast | Bulletproof,50.2,49.8,1.3,43.0,0
833,Chewtle,50,64,50,38,38,44,water, ,Strong Jaw | Shell Armor | Swift Swim,50.0,50.0,0.3,8.5,0
834,Drednaw,90,115,90,48,68,74,water,rock,Strong Jaw | Shell Armor | Swift Swim,50.0,50.0,1.0,115.5,0
835,Yamper,59,45,50,40,50,26,electric, ,Ball Fetch | Rattled,50.2,49.8,0.3,13.5,0
836,Boltund,69,90,60,90,60,121,electric, ,Strong Jaw | Competitive,50.2,49.8,1.0,34.0,0
837,Rolycoly,30,40,50,40,50,30,rock, ,Steam Engine | Heatproof | Flash Fire,50.0,50.0,0.3,12.0,0
838,Carkol,80,60,90,60,70,50,rock,fire,Steam Engine | Flame Body | Flash Fire,50.0,50.0,1.1,78.0,0
839,Coalossal,110,80,120,80,90,30,rock,fire,Steam Engine | Flame Body | Flash Fire,50.0,50.0,2.8,310.5,0
840,Applin,40,40,80,40,40,20,grass,dragon,Ripen | Gluttony | Bulletproof,50.0,50.0,0.2,0.5,0
841,Flapple,70,110,80,95,60,70,grass,dragon,Ripen | Gluttony | Hustle,50.0,50.0,0.3,1.0,0
842,Appletun,110,85,80,100,80,30,grass,dragon,Ripen | Gluttony | Thick Fat,50.0,50.0,0.4,13.0,0
843,Silicobra,52,57,75,35,50,46,ground, ,Sand Spit | Shed Skin | Sand Veil,50.0,50.0,2.2,7.6,0
844,Sandaconda,72,107,125,65,70,71,ground, ,Sand Spit | Shed Skin | Sand Veil,50.0,50.0,3.8,65.5,0
845,Cramorant,70,85,55,85,95,85,flying,water,Gulp Missile,50.0,50.0,0.8,18.0,0
846,Arrokuda,41,63,40,40,30,66,water, ,Swift Swim | Propeller Tail,50.0,50.0,0.5,1.0,0
847,Barraskewda,61,123,60,60,50,136,water, ,Swift Swim | Propeller Tail,50.0,50.0,1.3,30.0,0
848,Toxel,40,38,35,54,35,40,electric,poison,Rattled | Static | Klutz,50.0,50.0,0.4,11.0,0
849,Toxtricity,75,98,70,114,70,75,electric,poison,Punk Rock | Plus | Technician,50.0,50.0,1.6,40.0,0
850,Sizzlipede,50,65,45,50,50,45,fire,bug,Flash Fire | White Smoke | Flame Body,50.2,49.8,0.7,1.0,0
851,Centiskorch,100,115,65,90,90,65,fire,bug,Flash Fire | White Smoke | Flame Body,50.2,49.8,3.0,120.0,0
852,Clobbopus,50,68,60,50,50,32,fighting, ,Limber | Technician,50.2,49.8,0.6,4.0,0
853,Grapploct,80,118,90,70,80,42,fighting, ,Limber | Technician,50.2,49.8,1.6,39.0,0
854,Sinistea,40,45,45,74,54,50,ghost, ,Weak Armor | Cursed Body,0.0,0.0,0.1,0.2,0
855,Polteageist,60,65,65,134,114,70,ghost, ,Weak Armor | Cursed Body,0.0,0.0,0.2,0.4,0
856,Hatenna,42,30,45,56,53,39,psychic, ,Healer | Anticipation | Magic Bounce,0.0,100.0,0.4,3.4,0
857,Hattrem,57,40,65,86,73,49,psychic, ,Healer | Anticipation | Magic Bounce,0.0,100.0,0.6,4.8,0
858,Hatterene,57,90,95,136,103,29,psychic,fairy,Healer | Anticipation | Magic Bounce,0.0,100.0,2.1,5.1,0
859,Impidimp,45,45,30,55,40,50,dark,fairy,Prankster | Frisk | Pickpocket,100.0,0.0,0.4,5.5,0
860,Morgrem,65,60,45,75,55,70,dark,fairy,Prankster | Frisk | Pickpocket,100.0,0.0,0.8,12.5,0
861,Grimmsnarl,95,120,65,95,75,60,dark,fairy,Prankster | Frisk | Pickpocket,100.0,0.0,1.5,61.0,0
862,Obstagoon,93,90,101,60,81,95,dark,normal,Reckless | Guts | Defiant,50.2,49.8,1.6,46.0,0
863,Perrserker,70,110,100,50,60,50,steel, ,Battle Armor | Tough Claws | Steely Spirit,50.0,50.0,0.8,28.0,0
864,Cursola,60,95,50,145,130,30,ghost, ,Weak Armor | Perish Body,24.9,75.1,1.0,0.4,0
865,Sirfetch'd,62,135,95,68,82,65,fighting, ,Steadfast | Scrappy,50.2,49.8,0.8,117.0,0
866,Mr. Rime,80,85,75,110,100,70,ice,psychic,Tangled Feet | Screen Cleaner | Ice Body,50.2,49.8,1.5,58.2,0
867,Runerigus,58,95,145,50,105,30,ground,ghost,Wandering Spirit,50.2,49.8,1.6,66.6,0
868,Milcery,45,40,40,50,61,34,fairy, ,Sweet Veil | Aroma Veil,0.0,100.0,0.2,0.3,0
869,Alcremie,65,60,75,110,121,64,fairy, ,Sweet Veil | Aroma Veil,0.0,100.0,0.3,0.5,0
870,Falinks,65,100,100,70,60,75,fighting, ,Battle Armor | Defiant,0.0,0.0,3.0,62.0,0
871,Pincurchin,48,101,95,91,85,15,electric, ,Lightning Rod | Electric Surge,50.0,50.0,0.3,1.0,0
872,Snom,30,25,35,45,30,20,ice,bug,Shield Dust | Ice Scales,50.0,50.0,0.3,3.8,0
873,Frosmoth,70,65,60,125,90,65,ice,bug,Shield Dust | Ice Scales,50.0,50.0,1.3,42.0,0
874,Stonjourner,100,125,135,20,20,70,rock, ,Power Spot,50.0,50.0,2.5,520.0,0
875,Eiscue,75,80,110,65,90,50,ice, ,Ice Face,50.0,50.0,1.4,89.0,0
876,Indeedee,60,65,55,105,95,95,psychic,normal,Inner Focus | Synchronize | Psychic Surge,50.0,50.0,0.9,28.0,0
877,Morpeko,58,95,58,70,58,97,electric,dark,Hunger Switch,50.0,50.0,0.3,3.0,0
878,Cufant,72,80,49,40,49,40,steel, ,Sheer Force | Heavy Metal,50.0,50.0,1.2,100.0,0
879,Copperajah,122,130,69,80,69,30,steel, ,Sheer Force | Heavy Metal,50.0,50.0,3.0,650.0,0
880,Dracozolt,90,100,90,80,70,75,electric,dragon,Volt Absorb | Hustle | Sand Rush,0.0,0.0,1.8,190.0,0
881,Arctozolt,90,100,90,90,80,55,electric,ice,Volt Absorb | Static | Slush Rush,0.0,0.0,2.3,150.0,0
882,Dracovish,90,90,100,70,80,75,water,dragon,Water Absorb | Strong Jaw | Sand Rush,0.0,0.0,2.3,215.0,0
883,Arctovish,90,90,100,80,90,55,water,ice,Water Absorb | Ice Body | Slush Rush,0.0,0.0,2.0,175.0,0
884,Duraludon,70,95,115,120,50,85,steel,dragon,Light Metal | Heavy Metal | Stalwart,50.0,50.0,1.8,40.0,0
885,Dreepy,28,60,30,40,30,82,dragon,ghost,Clear Body | Infiltrator | Cursed Body,50.0,50.0,0.5,2.0,0
886,Drakloak,68,80,50,60,50,102,dragon,ghost,Clear Body | Infiltrator | Cursed Body,50.0,50.0,1.4,11.0,0
887,Dragapult,88,120,75,100,75,142,dragon,ghost,Clear Body | Infiltrator | Cursed Body,50.0,50.0,3.0,50.0,0
888,Zacian,92,120,115,80,115,138,fairy, ,Intrepid Sword,0.0,0.0,2.8,110.0,0
889,Zamazenta,92,120,115,80,115,138,fighting, ,Dauntless Shield,0.0,0.0,2.9,210.0,0
890,Eternatus,140,85,95,145,95,130,poison,dragon,Pressure,0.0,0.0,20.0,950.0,0
891,Kubfu,60,90,60,53,50,72,fighting, ,Inner Focus,88.0,12.0,0.6,12.0,0
892,Urshifu,100,130,100,63,60,97,fighting,dark,Unseen Fist,88.0,12.0,1.9,105.0,0
893,Zarude,105,120,105,70,95,105,dark,grass,Leaf Guard,0.0,0.0,1.8,70.0,0
894,Regieleki,80,100,50,100,50,200,electric, ,Transistor,0.0,0.0,1.2,145.0,0
895,Regidrago,200,100,50,100,50,80,dragon, ,Dragon's Maw,0.0,0.0,2.1,200.0,0
896,Glastrier,100,145,130,65,110,30,ice, ,Chilling Neigh,0.0,0.0,2.2,800.0,0
897,Spectrier,100,65,60,145,80,130,ghost, ,Grim Neigh,0.0,0.0,2.0,44.5,0
898,Calyrex,100,80,80,80,80,80,psychic,grass,Unnerve,0.0,0.0,1.1,7.7,0
899,Wyrdeer,103,105,72,105,75,65,normal,psychic,Intimidate | Frisk | Sap Sipper,50.0,50.0,1.8,95.1,0
900,Kleavor,70,135,95,45,70,85,bug,rock,Swarm | Sheer Force | Sharpness,50.0,50.0,1.8,89.0,0
901,Ursaluna,130,140,105,45,80,50,ground,normal,Guts | Bulletproof | Unnerve,50.0,50.0,2.4,290.0,0
902,Basculegion,120,112,65,80,75,78,water,ghost,Swift Swim | Adaptability | Mold Breaker,50.0,50.0,3.0,110.0,0
903,Sneasler,80,130,60,40,80,120,fighting,poison,Pressure | Unburden | Poison Touch,50.0,50.0,1.3,43.0,0
904,Overqwil,85,115,95,65,65,85,dark,poison,Poison Point | Swift Swim | Intimidate,50.0,50.0,2.5,60.5,0
905,Enamorus,74,115,70,135,80,106,fairy,flying,Cute Charm | Contrary,0.0,100.0,1.6,48.0,0
906,Sprigatito,40,61,54,45,45,65,grass, ,Overgrow | Protean,88.0,12.0,0.4,4.1,0
907,Floragato,61,80,63,60,63,83,grass, ,Overgrow | Protean,88.0,12.0,0.9,12.2,0
908,Meowscarada,76,110,70,81,70,123,grass,dark,Overgrow | Protean,88.0,12.0,1.5,31.2,0
909,Fuecoco,67,45,59,63,40,36,fire, ,Blaze | Unaware,88.0,12.0,0.4,9.8,0
910,Crocalor,81,55,78,90,58,49,fire, ,Blaze | Unaware,88.0,12.0,1.0,30.7,0
911,Skeledirge,104,75,100,110,75,66,fire,ghost,Blaze | Unaware,88.0,12.0,1.6,326.5,0
912,Quaxly,55,65,45,50,45,50,water, ,Torrent | Moxie,88.0,12.0,0.5,6.1,0
913,Quaxwell,70,85,65,65,60,65,water, ,Torrent | Moxie,88.0,12.0,1.2,21.5,0
914,Quaquaval,85,120,80,85,75,85,water,fighting,Torrent | Moxie,88.0,12.0,1.8,61.9,0
915,Lechonk,54,45,40,35,45,35,normal, ,Aroma Veil | Gluttony | Thick Fat,50.0,50.0,0.5,10.2,0
916,Oinkologne,110,100,75,59,80,65,normal, ,Lingering Aroma | Gluttony | Thick Fat,50.0,50.0,1.0,120.0,0
917,Tarountula,35,41,45,29,40,20,bug, ,Insomnia | Stakeout,50.0,50.0,0.3,4.0,0
918,Spidops,60,79,92,52,86,35,bug, ,Insomnia | Stakeout,50.0,50.0,1.0,16.5,0
919,Nymble,33,46,40,21,25,45,bug, ,Swarm | Tinted Lens,50.0,50.0,0.2,1.0,0
920,Lokix,71,102,78,52,55,92,bug,dark,Swarm | Tinted Lens,50.0,50.0,1.0,17.5,0
921,Pawmi,45,50,20,40,25,60,electric, ,Static | Natural Cure | Iron Fist,50.0,50.0,0.3,2.5,0
922,Pawmo,60,75,40,50,40,85,electric,fighting,Volt Absorb | Natural Cure | Iron Fist,50.0,50.0,0.4,6.5,0
923,Pawmot,70,115,70,70,60,105,electric,fighting,Volt Absorb | Natural Cure | Iron Fist,50.0,50.0,0.9,41.0,0
924,Tandemaus,50,50,45,40,45,75,normal, ,Run Away | Pickup | Own Tempo,0.0,0.0,0.3,1.8,0
925,Maushold,74,75,70,65,75,111,normal, ,Friend Guard | Cheek Pouch | Technician,0.0,0.0,0.3,2.3,0
926,Fidough,37,55,70,30,55,65,fairy, ,Own Tempo | Klutz,50.0,50.0,0.3,10.9,0
927,Dachsbun,57,80,115,50,80,95,fairy, ,Well-Baked Body | Aroma Veil,50.0,50.0,0.5,14.9,0
928,Smoliv,41,35,45,58,51,30,grass,normal,Early Bird | Harvest,50.0,50.0,0.3,6.5,0
929,Dolliv,52,53,60,78,78,33,grass,normal,Early Bird | Harvest,50.0,50.0,0.6,11.9,0
930,Arboliva,78,69,90,125,109,39,grass,normal,Seed Sower | Harvest,50.0,50.0,1.4,48.2,0
931,Squawkabilly,82,96,51,45,51,92,normal,flying,Intimidate | Hustle | Guts,50.0,50.0,0.6,2.4,0
932,Nacli,55,55,75,35,35,25,rock, ,Purifying Salt | Sturdy | Clear Body,50.0,50.0,0.4,16.0,0
933,Naclstack,60,60,100,35,65,35,rock, ,Purifying Salt | Sturdy | Clear Body,50.0,50.0,0.6,105.0,0
934,Garganacl,100,100,130,45,90,35,rock, ,Purifying Salt | Sturdy | Clear Body,50.0,50.0,2.3,240.0,0
935,Charcadet,40,50,40,50,40,35,fire, ,Flash Fire | Flame Body,50.0,50.0,0.6,10.5,0
936,Armarouge,85,60,100,125,80,75,fire,psychic,Flash Fire | Weak Armor,50.0,50.0,1.5,85.0,0
937,Ceruledge,75,125,80,60,100,85,fire,ghost,Flash Fire | Weak Armor,50.0,50.0,1.6,62.0,0
938,Tadbulb,61,31,41,59,35,45,electric, ,Own Tempo | Static | Damp,50.0,50.0,0.3,0.4,0
939,Bellibolt,109,64,91,103,83,45,electric, ,Electromorphosis | Static | Damp,50.0,50.0,1.2,113.0,0
940,Wattrel,40,40,35,55,40,70,electric,flying,Wind Power | Volt Absorb | Competitive,50.0,50.0,0.4,3.6,0
941,Kilowattrel,70,70,60,105,60,125,electric,flying,Wind Power | Volt Absorb | Competitive,50.0,50.0,1.4,38.6,0
942,Maschiff,60,78,60,40,51,51,dark, ,Intimidate | Run Away | Stakeout,50.0,50.0,0.5,16.0,0
943,Mabosstiff,80,120,90,60,70,85,dark, ,Intimidate | Guard Dog | Stakeout,50.0,50.0,1.1,61.0,0
944,Shroodle,40,65,35,40,35,75,poison,normal,Unburden | Pickpocket | Prankster,50.0,50.0,0.2,0.7,0
945,Grafaiai,63,95,65,80,72,110,poison,normal,Unburden | Poison Touch | Prankster,50.0,50.0,0.7,27.2,0
946,Bramblin,40,65,30,45,35,60,grass,ghost,Wind Rider | Infiltrator,50.0,50.0,0.6,0.6,0
947,Brambleghast,55,115,70,80,70,90,grass,ghost,Wind Rider | Infiltrator,50.0,50.0,1.2,6.0,0
948,Toedscool,40,40,35,50,100,70,ground,grass,Mycelium Might,50.0,50.0,0.9,33.0,0
949,Toedscruel,80,70,65,80,120,100,ground,grass,Mycelium Might,50.0,50.0,1.9,58.0,0
950,Klawf,70,100,115,35,55,75,rock, ,Anger Shell | Shell Armor | Regenerator,50.0,50.0,1.3,79.0,0
951,Capsakid,50,62,40,62,40,50,grass, ,Chlorophyll | Insomnia | Klutz,50.0,50.0,0.3,3.0,0
952,Scovillain,65,108,65,108,65,75,grass,fire,Chlorophyll | Insomnia | Moody,50.0,50.0,0.9,15.0,0
953,Rellor,41,50,60,31,58,30,bug, ,Compound Eyes | Shed Skin,50.0,50.0,0.2,1.0,0
954,Rabsca,75,50,85,115,100,45,bug,psychic,Synchronize | Telepathy,50.0,50.0,0.3,3.5,0
955,Flittle,30,35,30,55,30,75,psychic, ,Anticipation | Frisk | Speed Boost,50.0,50.0,0.2,1.5,0
956,Espathra,95,60,60,101,60,105,psychic, ,Opportunist | Frisk | Speed Boost,50.0,50.0,1.9,90.0,0
957,Tinkatink,50,45,45,35,64,58,fairy,steel,Mold Breaker | Own Tempo | Pickpocket,0.0,100.0,0.4,8.9,0
958,Tinkatuff,65,55,55,45,82,78,fairy,steel,Mold Breaker | Own Tempo | Pickpocket,0.0,100.0,0.7,59.1,0
959,Tinkaton,85,75,77,70,105,94,fairy,steel,Mold Breaker | Own Tempo | Pickpocket,0.0,100.0,0.7,112.8,0
960,Wiglett,10,55,25,35,25,95,water, ,Gooey | Rattled | Sand Veil,50.0,50.0,1.2,1.8,0
961,Wugtrio,35,100,50,50,70,120,water, ,Gooey | Rattled | Sand Veil,50.0,50.0,1.2,5.4,0
962,Bombirdier,70,103,85,60,85,82,flying,dark,Big Pecks | Keen Eye | Rocky Payload,50.0,50.0,1.5,42.9,0
963,Finizen,70,45,40,45,40,75,water, ,Water Veil,50.0,50.0,1.3,60.2,0
964,Palafin,100,70,72,53,62,100,water, ,Zero to Hero,50.0,50.0,1.3,60.2,0
965,Varoom,45,70,63,30,45,47,steel,poison,Overcoat | Slow Start,50.0,50.0,1.0,35.0,0
966,Revavroom,80,119,90,54,67,90,steel,poison,Overcoat | Filter,50.0,50.0,1.8,120.0,0
967,Cyclizar,70,95,65,85,65,121,dragon,normal,Shed Skin | Regenerator,50.0,50.0,1.6,63.0,0
968,Orthworm,70,85,145,60,55,65,steel, ,Earth Eater | Sand Veil,50.0,50.0,2.5,310.0,0
969,Glimmet,48,35,42,105,60,60,rock,poison,Toxic Debris | Corrosion,50.0,50.0,0.7,8.0,0
970,Glimmora,83,55,90,130,81,86,rock,poison,Toxic Debris | Corrosion,50.0,50.0,1.5,45.0,0
971,Greavard,50,61,60,30,55,34,ghost, ,Pickup | Fluffy,50.0,50.0,0.6,35.0,0
972,Houndstone,72,101,100,50,97,68,ghost, ,Sand Rush | Fluffy,50.0,50.0,2.0,15.0,0
973,Flamigo,82,115,74,75,64,90,flying,fighting,Scrappy | Tangled Feet | Costar,50.0,50.0,1.6,37.0,0
974,Cetoddle,108,68,45,30,40,43,ice, ,Thick Fat | Snow Cloak | Sheer Force,50.0,50.0,1.2,45.0,0
975,Cetitan,170,113,65,45,55,73,ice, ,Thick Fat | Slush Rush | Sheer Force,50.0,50.0,4.5,700.0,0
976,Veluza,90,102,73,78,65,70,water,psychic,Mold Breaker | Sharpness,50.0,50.0,2.5,90.0,0
977,Dondozo,150,100,115,65,65,35,water, ,Unaware | Oblivious | Water Veil,50.0,50.0,12.0,220.0,0
978,Tatsugiri,68,50,60,120,95,82,dragon,water,Commander | Storm Drain,50.0,50.0,0.3,8.0,0
979,Annihilape,110,115,80,50,90,90,fighting,ghost,Vital Spirit | Inner Focus | Defiant,50.0,50.0,1.2,56.0,0
980,Clodsire,130,75,60,45,100,20,poison,ground,Poison Point | Water Absorb | Unaware,50.0,50.0,1.8,223.0,0
981,Farigiraf,120,90,70,110,70,60,normal,psychic,Cud Chew | Armor Tail | Sap Sipper,50.0,50.0,3.2,160.0,0
982,Dudunsparce,125,100,80,85,75,55,normal, ,Serene Grace | Run Away | Rattled,50.0,50.0,3.6,39.2,0
983,Kingambit,100,135,120,60,85,50,dark,steel,Defiant | Supreme Overlord | Pressure,50.0,50.0,2.0,120.0,0
984,Great Tusk,115,131,131,53,53,87,ground,fighting,Protosynthesis,0.0,0.0,2.2,320.0,0
985,Scream Tail,115,65,99,65,115,111,fairy,psychic,Protosynthesis,0.0,0.0,1.2,8.0,0
986,Brute Bonnet,111,127,99,79,99,55,grass,dark,Protosynthesis,0.0,0.0,1.2,21.0,0
987,Flutter Mane,55,55,55,135,135,135,ghost,fairy,Protosynthesis,0.0,0.0,1.4,4.0,0
988,Slither Wing,85,135,79,85,105,81,bug,fighting,Protosynthesis,0.0,0.0,3.2,92.0,0
989,Sandy Shocks,85,81,97,121,85,101,electric,ground,Protosynthesis,0.0,0.0,2.3,60.0,0
990,Iron Treads,90,112,120,72,70,106,ground,steel,Quark Drive,0.0,0.0,0.9,240.0,0
991,Iron Bundle,56,80,114,124,60,136,ice,water,Quark Drive,0.0,0.0,0.6,11.0,0
992,Iron Hands,154,140,108,50,68,50,fighting,electric,Quark Drive,0.0,0.0,1.8,380.7,0
993,Iron Jugulis,94,80,86,122,80,108,dark,flying,Quark Drive,0.0,0.0,1.3,111.0,0
994,Iron Moth,80,70,60,140,110,110,fire,poison,Quark Drive,0.0,0.0,1.2,36.0,0
995,Iron Thorns,100,134,110,70,84,72,rock,electric,Quark Drive,0.0,0.0,1.6,303.0,0
996,Frigibax,65,75,45,35,45,55,dragon,ice,Thermal Exchange | Ice Body,50.0,50.0,0.5,17.0,0
997,Arctibax,90,95,66,45,65,62,dragon,ice,Thermal Exchange | Ice Body,50.0,50.0,0.8,30.0,0
998,Baxcalibur,115,145,92,75,86,87,dragon,ice,Thermal Exchange | Ice Body,50.0,50.0,2.1,210.0,0
999,Gimmighoul,45,30,70,75,70,10,ghost, ,Rattled,0.0,0.0,0.3,5.0,0
1000,Gholdengo,87,60,95,133,91,84,steel,ghost,Good as Gold,0.0,0.0,1.2,30.0,0
1001,Wo-Chien,85,85,100,95,135,70,dark,grass,Tablets of Ruin,0.0,0.0,1.5,74.2,0
1002,Chien-Pao,80,120,80,90,65,135,dark,ice,Sword of Ruin,0.0,0.0,1.9,152.2,0
1003,Ting-Lu,155,110,125,55,80,45,dark,ground,Vessel of Ruin,0.0,0.0,2.7,699.7,0
1004,Chi-Yu,55,80,80,135,120,100,dark,fire,Beads of Ruin,0.0,0.0,0.4,4.9,0
1005,Roaring Moon,105,139,71,55,101,119,dragon,dark,Protosynthesis,0.0,0.0,2.0,380.0,0
1006,Iron Valiant,74,130,90,120,60,116,fairy,fighting,Quark Drive,0.0,0.0,1.4,35.0,0
1007,Koraidon,100,135,115,85,100,135,fighting,dragon,Orichalcum Pulse,0.0,0.0,2.5,303.0,0
1008,Miraidon,100,85,100,135,115,135,electric,dragon,Hadron Engine,0.0,0.0,3.5,240.0,0
1009,Walking Wake,99,83,91,125,83,109,water,dragon,Protosynthesis,0.0,0.0,3.5,280.0,0
1010,Iron Leaves,90,130,88,70,108,104,grass,psychic,Quark Drive,0.0,0.0,1.5,125.0,0
1011,Dipplin,80,80,110,95,80,40,grass,dragon,Supersweet Syrup | Gluttony | Sticky Hold,50.0,50.0,0.4,4.4,0
1012,Poltchageist,40,45,45,74,54,50,grass,ghost,Hospitality | Heatproof,0.0,0.0,0.1,1.1,0
1013,Sinistcha,71,60,106,121,80,70,grass,ghost,Hospitality | Heatproof,0.0,0.0,0.2,2.2,0
1014,Okidogi,88,128,115,58,86,80,poison,fighting,Toxic Chain | Guard Dog,100.0,0.0,1.8,92.2,0
1015,Munkidori,88,75,66,130,90,106,poison,psychic,Toxic Chain | Frisk,100.0,0.0,1.0,12.2,0
1016,Fezandipiti,88,91,82,70,125,99,poison,fairy,Toxic Chain | Technician,100.0,0.0,1.4,30.1,0
1017,Ogerpon,80,120,84,60,96,110,grass, ,Defiant,0.0,100.0,1.2,39.8,0
1018,Archaludon,90,105,130,125,65,85,steel,dragon,Stamina | Sturdy | Stalwart,50.0,50.0,2.0,60.0,0
1019,Hydrapple,106,80,110,120,80,44,grass,dragon,Supersweet Syrup | Regenerator | Sticky Hold,50.0,50.0,1.8,93.0,0
1020,Gouging Fire,105,115,121,65,93,91,fire,dragon,Protosynthesis,0.0,0.0,3.5,590.0,0
1021,Raging Bolt,125,73,91,137,89,75,electric,dragon,Protosynthesis,0.0,0.0,5.2,480.0,0
1022,Iron Boulder,90,120,80,68,108,124,rock,psychic,Quark Drive,0.0,0.0,1.5,162.5,0
1023,Iron Crown,90,72,100,122,108,98,steel,psychic,Quark Drive,0.0,0.0,1.6,156.0,0
1024,Terapagos,90,65,85,65,85,60,normal, ,Tera Shift,50.0,50.0,0.2,6.5,0
1025,Pecharunt,88,88,160,88,88,88,poison,ghost,Poison Puppeteer,0.0,0.0,0.3,0.3,0
